Game ID,Country,Z-score for % starting SCs,Z-score for distance to edge,Z-score for % SCs which are neutrals within two moves,Z-score for other player's starting units within three moves of player's units or SCs,Number of players,% Supply Centers at game end
36548,Britain,0.00,0,-0.177393719,-0.8125,5,0.33783783783783783
36548,France,0.00,0,-1.655674709,1.0625,5,0
36548,Germany,0.00,1.58113883,1.300887271,1.0625,5,0
36548,Soviet Russia,0.00,-1.58113883,-0.177393719,-1.4375,5,0
36548,Italy,0.00,0,0.709574875,0.125,5,0
36388,France,0.00,0,-1.655674709,1.0625,5,0.3783783783783784
36388,Germany,0.00,1.58113883,1.300887271,1.0625,5,0.24324324324324326
36388,Britain,0.00,0,-0.177393719,-0.8125,5,0.22972972972972974
36388,Soviet Russia,0.00,-1.58113883,-0.177393719,-1.4375,5,0.0945945945945946
36388,Italy,0.00,0,0.709574875,0.125,5,0
36383,Soviet Russia,0.00,-1.58113883,-0.177393719,-1.4375,5,0.35135135135135137
36383,Italy,0.00,0,0.709574875,0.125,5,0.16216216216216217
36383,Germany,0.00,1.58113883,1.300887271,1.0625,5,0.12162162162162163
36383,Britain,0.00,0,-0.177393719,-0.8125,5,0
36383,France,0.00,0,-1.655674709,1.0625,5,0
36331,Germany,0.00,1.58113883,1.300887271,1.0625,5,0.6216216216216216
36331,Italy,0.00,0,0.709574875,0.125,5,0.32432432432432434
36331,France,0.00,0,-1.655674709,1.0625,5,0.04054054054054054
36331,Soviet Russia,0.00,-1.58113883,-0.177393719,-1.4375,5,0.013513513513513514
36331,Britain,0.00,0,-0.177393719,-0.8125,5,0
36194,Britain,0.00,0,-0.177393719,-0.8125,5,0.6351351351351351
36194,Soviet Russia,0.00,-1.58113883,-0.177393719,-1.4375,5,0.1891891891891892
36194,Germany,0.00,1.58113883,1.300887271,1.0625,5,0.17567567567567569
36194,France,0.00,0,-1.655674709,1.0625,5,0
36194,Italy,0.00,0,0.709574875,0.125,5,0
36048,Germany,0.00,1.58113883,1.300887271,1.0625,5,0.4189189189189189
36048,Italy,0.00,0,0.709574875,0.125,5,0.2972972972972973
36048,France,0.00,0,-1.655674709,1.0625,5,0.28378378378378377
36048,Britain,0.00,0,-0.177393719,-0.8125,5,0
36048,Soviet Russia,0.00,-1.58113883,-0.177393719,-1.4375,5,0
36032,Soviet Russia,0.00,-1.58113883,-0.177393719,-1.4375,5,0.5540540540540541
36032,Britain,0.00,0,-0.177393719,-0.8125,5,0.25675675675675674
36032,Italy,0.00,0,0.709574875,0.125,5,0.0945945945945946
36032,France,0.00,0,-1.655674709,1.0625,5,0.0945945945945946
36032,Germany,0.00,1.58113883,1.300887271,1.0625,5,0
36017,France,0.00,0,-1.655674709,1.0625,5,0.36486486486486486
36017,Germany,0.00,1.58113883,1.300887271,1.0625,5,0.32432432432432434
36017,Soviet Russia,0.00,-1.58113883,-0.177393719,-1.4375,5,0.3108108108108108
36017,Britain,0.00,0,-0.177393719,-0.8125,5,0
36017,Italy,0.00,0,0.709574875,0.125,5,0
35959,France,0.00,0,-1.655674709,1.0625,5,0.33783783783783783
35959,Soviet Russia,0.00,-1.58113883,-0.177393719,-1.4375,5,0.3108108108108108
35959,Germany,0.00,1.58113883,1.300887271,1.0625,5,0.20270270270270271
35959,Britain,0.00,0,-0.177393719,-0.8125,5,0.14864864864864866
35959,Italy,0.00,0,0.709574875,0.125,5,0
35955,Britain,0.00,0,-0.177393719,-0.8125,5,0.28378378378378377
35955,Italy,0.00,0,0.709574875,0.125,5,0.28378378378378377
35955,Soviet Russia,0.00,-1.58113883,-0.177393719,-1.4375,5,0.17567567567567569
35955,Germany,0.00,1.58113883,1.300887271,1.0625,5,0.16216216216216217
35955,France,0.00,0,-1.655674709,1.0625,5,0.08108108108108109
35921,Italy,0.00,0,0.709574875,0.125,5,0.22972972972972974
35921,Soviet Russia,0.00,-1.58113883,-0.177393719,-1.4375,5,0.22972972972972974
35921,Britain,0.00,0,-0.177393719,-0.8125,5,0.1891891891891892
35921,Germany,0.00,1.58113883,1.300887271,1.0625,5,0.17567567567567569
35921,France,0.00,0,-1.655674709,1.0625,5,0.17567567567567569
35869,Soviet Russia,0.00,-1.58113883,-0.177393719,-1.4375,5,0.40540540540540543
35869,Italy,0.00,0,0.709574875,0.125,5,0.3783783783783784
35869,France,0.00,0,-1.655674709,1.0625,5,0.21621621621621623
35869,Germany,0.00,1.58113883,1.300887271,1.0625,5,0
35869,Britain,0.00,0,-0.177393719,-0.8125,5,0
35604,France,0.00,0,-1.655674709,1.0625,5,0.5
35604,Britain,0.00,0,-0.177393719,-0.8125,5,0.5
35604,Germany,0.00,1.58113883,1.300887271,1.0625,5,0
35604,Italy,0.00,0,0.709574875,0.125,5,0
35604,Soviet Russia,0.00,-1.58113883,-0.177393719,-1.4375,5,0
35595,Soviet Russia,0.00,-1.58113883,-0.177393719,-1.4375,5,0.4594594594594595
35595,France,0.00,0,-1.655674709,1.0625,5,0.2972972972972973
35595,Italy,0.00,0,0.709574875,0.125,5,0.13513513513513514
35595,Britain,0.00,0,-0.177393719,-0.8125,5,0.10810810810810811
35595,Germany,0.00,1.58113883,1.300887271,1.0625,5,0
35501,Britain,0.00,0,-0.177393719,-0.8125,5,0.43243243243243246
35501,Soviet Russia,0.00,-1.58113883,-0.177393719,-1.4375,5,0.21621621621621623
35501,Germany,0.00,1.58113883,1.300887271,1.0625,5,0.20270270270270271
35501,Italy,0.00,0,0.709574875,0.125,5,0.013513513513513514
35501,France,0.00,0,-1.655674709,1.0625,5,0.13513513513513514
35454,Germany,0.00,1.58113883,1.300887271,1.0625,5,0.32432432432432434
35454,France,0.00,0,-1.655674709,1.0625,5,0.22972972972972974
35454,Italy,0.00,0,0.709574875,0.125,5,0.17567567567567569
35454,Britain,0.00,0,-0.177393719,-0.8125,5,0.16216216216216217
35454,Soviet Russia,0.00,-1.58113883,-0.177393719,-1.4375,5,0.10810810810810811
35278,Soviet Russia,0.00,-1.58113883,-0.177393719,-1.4375,5,0.21621621621621623
35278,Germany,0.00,1.58113883,1.300887271,1.0625,5,0
35278,Italy,0.00,0,0.709574875,0.125,5,0
35278,Britain,0.00,0,-0.177393719,-0.8125,5,0
35278,France,0.00,0,-1.655674709,1.0625,5,0
35181,Britain,0.00,0,-0.177393719,-0.8125,5,0.44594594594594594
35181,Soviet Russia,0.00,-1.58113883,-0.177393719,-1.4375,5,0.43243243243243246
35181,Italy,0.00,0,0.709574875,0.125,5,0.12162162162162163
35181,France,0.00,0,-1.655674709,1.0625,5,0
35181,Germany,0.00,1.58113883,1.300887271,1.0625,5,0
35109,Germany,0.00,1.58113883,1.300887271,1.0625,5,0.3918918918918919
35109,Italy,0.00,0,0.709574875,0.125,5,0.14864864864864866
35109,Britain,0.00,0,-0.177393719,-0.8125,5,0.06756756756756757
35109,Soviet Russia,0.00,-1.58113883,-0.177393719,-1.4375,5,0.06756756756756757
35109,France,0.00,0,-1.655674709,1.0625,5,0
35091,Italy,0.00,0,0.709574875,0.125,5,0.5405405405405406
35091,France,0.00,0,-1.655674709,1.0625,5,0.4594594594594595
35091,Soviet Russia,0.00,-1.58113883,-0.177393719,-1.4375,5,0
35091,Britain,0.00,0,-0.177393719,-0.8125,5,0
35091,Germany,0.00,1.58113883,1.300887271,1.0625,5,0
34352,Germany,0.00,1.58113883,1.300887271,1.0625,5,0.44594594594594594
34352,Britain,0.00,0,-0.177393719,-0.8125,5,0.33783783783783783
34352,France,0.00,0,-1.655674709,1.0625,5,0.21621621621621623
34352,Soviet Russia,0.00,-1.58113883,-0.177393719,-1.4375,5,0
34352,Italy,0.00,0,0.709574875,0.125,5,0
33980,Britain,0.00,0,-0.177393719,-0.8125,5,0.6216216216216216
33980,Germany,0.00,1.58113883,1.300887271,1.0625,5,0.20270270270270271
33980,Italy,0.00,0,0.709574875,0.125,5,0.08108108108108109
33980,France,0.00,0,-1.655674709,1.0625,5,0.06756756756756757
33980,Soviet Russia,0.00,-1.58113883,-0.177393719,-1.4375,5,0.02702702702702703
33812,Germany,0.00,1.58113883,1.300887271,1.0625,5,0.16216216216216217
33812,Soviet Russia,0.00,-1.58113883,-0.177393719,-1.4375,5,0
33812,Italy,0.00,0,0.709574875,0.125,5,0
33812,France,0.00,0,-1.655674709,1.0625,5,0
33812,Britain,0.00,0,-0.177393719,-0.8125,5,0
33779,Italy,0.00,0,0.709574875,0.125,5,0.5405405405405406
33779,Germany,0.00,1.58113883,1.300887271,1.0625,5,0.16216216216216217
33779,Britain,0.00,0,-0.177393719,-0.8125,5,0.14864864864864866
33779,Soviet Russia,0.00,-1.58113883,-0.177393719,-1.4375,5,0.12162162162162163
33779,France,0.00,0,-1.655674709,1.0625,5,0
33774,Britain,0.00,0,-0.177393719,-0.8125,5,0.4864864864864865
33774,Germany,0.00,1.58113883,1.300887271,1.0625,5,0.28378378378378377
33774,Italy,0.00,0,0.709574875,0.125,5,0.22972972972972974
33774,Soviet Russia,0.00,-1.58113883,-0.177393719,-1.4375,5,0
33774,France,0.00,0,-1.655674709,1.0625,5,0
33750,Germany,0.00,1.58113883,1.300887271,1.0625,5,0.40540540540540543
33750,Italy,0.00,0,0.709574875,0.125,5,0.28378378378378377
33750,Soviet Russia,0.00,-1.58113883,-0.177393719,-1.4375,5,0.13513513513513514
33750,Britain,0.00,0,-0.177393719,-0.8125,5,0.13513513513513514
33750,France,0.00,0,-1.655674709,1.0625,5,0.04054054054054054
33724,Soviet Russia,0.00,-1.58113883,-0.177393719,-1.4375,5,0.3783783783783784
33724,France,0.00,0,-1.655674709,1.0625,5,0.35135135135135137
33724,Britain,0.00,0,-0.177393719,-0.8125,5,0.25675675675675674
33724,Germany,0.00,1.58113883,1.300887271,1.0625,5,0.013513513513513514
33724,Italy,0.00,0,0.709574875,0.125,5,0
33642,Britain,0.00,0,-0.177393719,-0.8125,5,0.40540540540540543
33642,Italy,0.00,0,0.709574875,0.125,5,0.32432432432432434
33642,Germany,0.00,1.58113883,1.300887271,1.0625,5,0.20270270270270271
33642,Soviet Russia,0.00,-1.58113883,-0.177393719,-1.4375,5,0.04054054054054054
33642,France,0.00,0,-1.655674709,1.0625,5,0.02702702702702703
33525,Soviet Russia,0.00,-1.58113883,-0.177393719,-1.4375,5,0.36486486486486486
33525,Italy,0.00,0,0.709574875,0.125,5,0.33783783783783783
33525,Britain,0.00,0,-0.177393719,-0.8125,5,0.2972972972972973
33525,France,0.00,0,-1.655674709,1.0625,5,0
33525,Germany,0.00,1.58113883,1.300887271,1.0625,5,0
33521,Italy,0.00,0,0.709574875,0.125,5,0.5675675675675675
33521,Soviet Russia,0.00,-1.58113883,-0.177393719,-1.4375,5,0.43243243243243246
33521,Germany,0.00,1.58113883,1.300887271,1.0625,5,0
33521,Britain,0.00,0,-0.177393719,-0.8125,5,0
33521,France,0.00,0,-1.655674709,1.0625,5,0
33479,Britain,0.00,0,-0.177393719,-0.8125,5,0.44594594594594594
33479,Germany,0.00,1.58113883,1.300887271,1.0625,5,0.3108108108108108
33479,Soviet Russia,0.00,-1.58113883,-0.177393719,-1.4375,5,0.24324324324324326
33479,Italy,0.00,0,0.709574875,0.125,5,0
33479,France,0.00,0,-1.655674709,1.0625,5,0
33314,Germany,0.00,1.58113883,1.300887271,1.0625,5,0.5540540540540541
33314,Italy,0.00,0,0.709574875,0.125,5,0.44594594594594594
33314,Soviet Russia,0.00,-1.58113883,-0.177393719,-1.4375,5,0
33314,Britain,0.00,0,-0.177393719,-0.8125,5,0
33314,France,0.00,0,-1.655674709,1.0625,5,0
33295,Italy,0.00,0,0.709574875,0.125,5,0.6216216216216216
33295,Germany,0.00,1.58113883,1.300887271,1.0625,5,0.22972972972972974
33295,Soviet Russia,0.00,-1.58113883,-0.177393719,-1.4375,5,0.08108108108108109
33295,France,0.00,0,-1.655674709,1.0625,5,0.06756756756756757
33295,Britain,0.00,0,-0.177393719,-0.8125,5,0
33244,Soviet Russia,0.00,-1.58113883,-0.177393719,-1.4375,5,0.43243243243243246
33244,Italy,0.00,0,0.709574875,0.125,5,0.3108108108108108
33244,France,0.00,0,-1.655674709,1.0625,5,0.25675675675675674
33244,Germany,0.00,1.58113883,1.300887271,1.0625,5,0
33244,Britain,0.00,0,-0.177393719,-0.8125,5,0
33014,Italy,0.00,0,0.709574875,0.125,5,0.33783783783783783
33014,Germany,0.00,1.58113883,1.300887271,1.0625,5,0.3108108108108108
33014,France,0.00,0,-1.655674709,1.0625,5,0.2972972972972973
33014,Britain,0.00,0,-0.177393719,-0.8125,5,0.05405405405405406
33014,Soviet Russia,0.00,-1.58113883,-0.177393719,-1.4375,5,0
32932,Italy,0.00,0,0.709574875,0.125,5,0.4189189189189189
32932,Germany,0.00,1.58113883,1.300887271,1.0625,5,0.33783783783783783
32932,Britain,0.00,0,-0.177393719,-0.8125,5,0.24324324324324326
32932,France,0.00,0,-1.655674709,1.0625,5,0
32932,Soviet Russia,0.00,-1.58113883,-0.177393719,-1.4375,5,0
32877,France,0.00,0,-1.655674709,1.0625,5,0.36486486486486486
32877,Britain,0.00,0,-0.177393719,-0.8125,5,0.32432432432432434
32877,Germany,0.00,1.58113883,1.300887271,1.0625,5,0.3108108108108108
32877,Italy,0.00,0,0.709574875,0.125,5,0
32877,Soviet Russia,0.00,-1.58113883,-0.177393719,-1.4375,5,0
32807,Soviet Russia,0.00,-1.58113883,-0.177393719,-1.4375,5,0.47297297297297297
32807,France,0.00,0,-1.655674709,1.0625,5,0
32807,Britain,0.00,0,-0.177393719,-0.8125,5,0
32807,Germany,0.00,1.58113883,1.300887271,1.0625,5,0
32807,Italy,0.00,0,0.709574875,0.125,5,0
32723,Italy,0.00,0,0.709574875,0.125,5,0.527027027027027
32723,Soviet Russia,0.00,-1.58113883,-0.177393719,-1.4375,5,0.47297297297297297
32723,France,0.00,0,-1.655674709,1.0625,5,0
32723,Britain,0.00,0,-0.177393719,-0.8125,5,0
32723,Germany,0.00,1.58113883,1.300887271,1.0625,5,0
32647,Britain,0.00,0,-0.177393719,-0.8125,5,0.0945945945945946
32647,France,0.00,0,-1.655674709,1.0625,5,0.0945945945945946
32647,Italy,0.00,0,0.709574875,0.125,5,0.0945945945945946
32647,Germany,0.00,1.58113883,1.300887271,1.0625,5,0
32647,Soviet Russia,0.00,-1.58113883,-0.177393719,-1.4375,5,0
32223,Soviet Russia,0.00,-1.58113883,-0.177393719,-1.4375,5,0.4594594594594595
32223,Britain,0.00,0,-0.177393719,-0.8125,5,0.44594594594594594
32223,Italy,0.00,0,0.709574875,0.125,5,0.05405405405405406
32223,France,0.00,0,-1.655674709,1.0625,5,0.04054054054054054
32223,Germany,0.00,1.58113883,1.300887271,1.0625,5,0
32216,Italy,0.00,0,0.709574875,0.125,5,0.5405405405405406
32216,France,0.00,0,-1.655674709,1.0625,5,0.33783783783783783
32216,Soviet Russia,0.00,-1.58113883,-0.177393719,-1.4375,5,0.10810810810810811
32216,Germany,0.00,1.58113883,1.300887271,1.0625,5,0.013513513513513514
32216,Britain,0.00,0,-0.177393719,-0.8125,5,0
32073,France,0.00,0,-1.655674709,1.0625,5,0.6081081081081081
32073,Germany,0.00,1.58113883,1.300887271,1.0625,5,0.2702702702702703
32073,Soviet Russia,0.00,-1.58113883,-0.177393719,-1.4375,5,0.12162162162162163
32073,Italy,0.00,0,0.709574875,0.125,5,0
32073,Britain,0.00,0,-0.177393719,-0.8125,5,0
32059,Germany,0.00,1.58113883,1.300887271,1.0625,5,0.3783783783783784
32059,Britain,0.00,0,-0.177393719,-0.8125,5,0.3108108108108108
32059,Italy,0.00,0,0.709574875,0.125,5,0.2702702702702703
32059,France,0.00,0,-1.655674709,1.0625,5,0.013513513513513514
32059,Soviet Russia,0.00,-1.58113883,-0.177393719,-1.4375,5,0.02702702702702703
32011,Italy,0.00,0,0.709574875,0.125,5,0.43243243243243246
32011,Germany,0.00,1.58113883,1.300887271,1.0625,5,0.35135135135135137
32011,Soviet Russia,0.00,-1.58113883,-0.177393719,-1.4375,5,0.21621621621621623
32011,France,0.00,0,-1.655674709,1.0625,5,0
32011,Britain,0.00,0,-0.177393719,-0.8125,5,0
31987,France,0.00,0,-1.655674709,1.0625,5,0.28378378378378377
31987,Germany,0.00,1.58113883,1.300887271,1.0625,5,0.2702702702702703
31987,Soviet Russia,0.00,-1.58113883,-0.177393719,-1.4375,5,0.24324324324324326
31987,Italy,0.00,0,0.709574875,0.125,5,0.14864864864864866
31987,Britain,0.00,0,-0.177393719,-0.8125,5,0.05405405405405406
31861,Germany,0.00,1.58113883,1.300887271,1.0625,5,0.6486486486486487
31861,Britain,0.00,0,-0.177393719,-0.8125,5,0.32432432432432434
31861,Soviet Russia,0.00,-1.58113883,-0.177393719,-1.4375,5,0.013513513513513514
31861,France,0.00,0,-1.655674709,1.0625,5,0.013513513513513514
31861,Italy,0.00,0,0.709574875,0.125,5,0
31814,Germany,0.00,1.58113883,1.300887271,1.0625,5,0.5
31814,Italy,0.00,0,0.709574875,0.125,5,0.5
31814,France,0.00,0,-1.655674709,1.0625,5,0
31814,Soviet Russia,0.00,-1.58113883,-0.177393719,-1.4375,5,0
31814,Britain,0.00,0,-0.177393719,-0.8125,5,0
31707,Britain,0.00,0,-0.177393719,-0.8125,5,0.581081081081081
31707,France,0.00,0,-1.655674709,1.0625,5,0
31707,Germany,0.00,1.58113883,1.300887271,1.0625,5,0
31707,Italy,0.00,0,0.709574875,0.125,5,0
31707,Soviet Russia,0.00,-1.58113883,-0.177393719,-1.4375,5,0
31669,Italy,0.00,0,0.709574875,0.125,5,0.4189189189189189
31669,Germany,0.00,1.58113883,1.300887271,1.0625,5,0.3918918918918919
31669,Britain,0.00,0,-0.177393719,-0.8125,5,0.1891891891891892
31669,France,0.00,0,-1.655674709,1.0625,5,0
31669,Soviet Russia,0.00,-1.58113883,-0.177393719,-1.4375,5,0
31655,Soviet Russia,0.00,-1.58113883,-0.177393719,-1.4375,5,0.22972972972972974
31655,Germany,0.00,1.58113883,1.300887271,1.0625,5,0.22972972972972974
31655,France,0.00,0,-1.655674709,1.0625,5,0.21621621621621623
31655,Britain,0.00,0,-0.177393719,-0.8125,5,0.17567567567567569
31655,Italy,0.00,0,0.709574875,0.125,5,0.14864864864864866
31530,Italy,0.00,0,0.709574875,0.125,5,0.5135135135135135
31530,France,0.00,0,-1.655674709,1.0625,5,0.04054054054054054
31530,Germany,0.00,1.58113883,1.300887271,1.0625,5,0
31530,Britain,0.00,0,-0.177393719,-0.8125,5,0
31530,Soviet Russia,0.00,-1.58113883,-0.177393719,-1.4375,5,0
31383,Britain,0.00,0,-0.177393719,-0.8125,5,0.7432432432432432
31383,Italy,0.00,0,0.709574875,0.125,5,0.16216216216216217
31383,Soviet Russia,0.00,-1.58113883,-0.177393719,-1.4375,5,0.0945945945945946
31383,Germany,0.00,1.58113883,1.300887271,1.0625,5,0
31383,France,0.00,0,-1.655674709,1.0625,5,0
31156,Soviet Russia,0.00,-1.58113883,-0.177393719,-1.4375,5,0.5135135135135135
31156,France,0.00,0,-1.655674709,1.0625,5,0.4864864864864865
31156,Britain,0.00,0,-0.177393719,-0.8125,5,0
31156,Italy,0.00,0,0.709574875,0.125,5,0
31156,Germany,0.00,1.58113883,1.300887271,1.0625,5,0
31146,Italy,0.00,0,0.709574875,0.125,5,0.5540540540540541
31146,Germany,0.00,1.58113883,1.300887271,1.0625,5,0.32432432432432434
31146,Britain,0.00,0,-0.177393719,-0.8125,5,0.0945945945945946
31146,Soviet Russia,0.00,-1.58113883,-0.177393719,-1.4375,5,0.02702702702702703
31146,France,0.00,0,-1.655674709,1.0625,5,0
31023,Britain,0.00,0,-0.177393719,-0.8125,5,0.6081081081081081
31023,Italy,0.00,0,0.709574875,0.125,5,0.13513513513513514
31023,Germany,0.00,1.58113883,1.300887271,1.0625,5,0.24324324324324326
31023,Soviet Russia,0.00,-1.58113883,-0.177393719,-1.4375,5,0.013513513513513514
31023,France,0.00,0,-1.655674709,1.0625,5,0
30971,Italy,0.00,0,0.709574875,0.125,5,0.2702702702702703
30971,Germany,0.00,1.58113883,1.300887271,1.0625,5,0.21621621621621623
30971,Soviet Russia,0.00,-1.58113883,-0.177393719,-1.4375,5,0.21621621621621623
30971,Britain,0.00,0,-0.177393719,-0.8125,5,0.0945945945945946
30971,France,0.00,0,-1.655674709,1.0625,5,0.0945945945945946
30959,Soviet Russia,0.00,-1.58113883,-0.177393719,-1.4375,5,0.6081081081081081
30959,France,0.00,0,-1.655674709,1.0625,5,0.36486486486486486
30959,Italy,0.00,0,0.709574875,0.125,5,0.02702702702702703
30959,Germany,0.00,1.58113883,1.300887271,1.0625,5,0
30959,Britain,0.00,0,-0.177393719,-0.8125,5,0
30887,Germany,0.00,1.58113883,1.300887271,1.0625,5,0.5
30887,Soviet Russia,0.00,-1.58113883,-0.177393719,-1.4375,5,0.5
30887,France,0.00,0,-1.655674709,1.0625,5,0
30887,Britain,0.00,0,-0.177393719,-0.8125,5,0
30887,Italy,0.00,0,0.709574875,0.125,5,0
30871,Soviet Russia,0.00,-1.58113883,-0.177393719,-1.4375,5,0.25675675675675674
30871,Germany,0.00,1.58113883,1.300887271,1.0625,5,0
30871,Italy,0.00,0,0.709574875,0.125,5,0
30871,France,0.00,0,-1.655674709,1.0625,5,0
30871,Britain,0.00,0,-0.177393719,-0.8125,5,0
30744,Soviet Russia,0.00,-1.58113883,-0.177393719,-1.4375,5,0.40540540540540543
30744,Italy,0.00,0,0.709574875,0.125,5,0.20270270270270271
30744,France,0.00,0,-1.655674709,1.0625,5,0.21621621621621623
30744,Germany,0.00,1.58113883,1.300887271,1.0625,5,0.16216216216216217
30744,Britain,0.00,0,-0.177393719,-0.8125,5,0.013513513513513514
30667,Soviet Russia,0.00,-1.58113883,-0.177393719,-1.4375,5,0.6081081081081081
30667,Italy,0.00,0,0.709574875,0.125,5,0.32432432432432434
30667,France,0.00,0,-1.655674709,1.0625,5,0.06756756756756757
30667,Britain,0.00,0,-0.177393719,-0.8125,5,0.0
30667,Germany,0.00,1.58113883,1.300887271,1.0625,5,0
30665,France,0.00,0,-1.655674709,1.0625,5,0.28378378378378377
30665,Italy,0.00,0,0.709574875,0.125,5,0.2702702702702703
30665,Germany,0.00,1.58113883,1.300887271,1.0625,5,0.21621621621621623
30665,Britain,0.00,0,-0.177393719,-0.8125,5,0.16216216216216217
30665,Soviet Russia,0.00,-1.58113883,-0.177393719,-1.4375,5,0.06756756756756757
30639,Italy,0.00,0,0.709574875,0.125,5,0.33783783783783783
30639,Soviet Russia,0.00,-1.58113883,-0.177393719,-1.4375,5,0.32432432432432434
30639,France,0.00,0,-1.655674709,1.0625,5,0.21621621621621623
30639,Germany,0.00,1.58113883,1.300887271,1.0625,5,0.0945945945945946
30639,Britain,0.00,0,-0.177393719,-0.8125,5,0.02702702702702703
30585,Britain,0.00,0,-0.177393719,-0.8125,5,0.5405405405405406
30585,France,0.00,0,-1.655674709,1.0625,5,0.05405405405405406
30585,Soviet Russia,0.00,-1.58113883,-0.177393719,-1.4375,5,0
30585,Germany,0.00,1.58113883,1.300887271,1.0625,5,0
30585,Italy,0.00,0,0.709574875,0.125,5,0
30357,Italy,0.00,0,0.709574875,0.125,5,0.6081081081081081
30357,Germany,0.00,1.58113883,1.300887271,1.0625,5,0.32432432432432434
30357,Britain,0.00,0,-0.177393719,-0.8125,5,0.06756756756756757
30357,Soviet Russia,0.00,-1.58113883,-0.177393719,-1.4375,5,0
30357,France,0.00,0,-1.655674709,1.0625,5,0
30345,Soviet Russia,0.00,-1.58113883,-0.177393719,-1.4375,5,0.6081081081081081
30345,France,0.00,0,-1.655674709,1.0625,5,0.35135135135135137
30345,Britain,0.00,0,-0.177393719,-0.8125,5,0.02702702702702703
30345,Italy,0.00,0,0.709574875,0.125,5,0.013513513513513514
30345,Germany,0.00,1.58113883,1.300887271,1.0625,5,0.0
30218,France,0.00,0,-1.655674709,1.0625,5,0.10810810810810811
30218,Germany,0.00,1.58113883,1.300887271,1.0625,5,0.22972972972972974
30218,Britain,0.00,0,-0.177393719,-0.8125,5,0.16216216216216217
30218,Italy,0.00,0,0.709574875,0.125,5,0
30218,Soviet Russia,0.00,-1.58113883,-0.177393719,-1.4375,5,0
30215,Germany,0.00,1.58113883,1.300887271,1.0625,5,0.43243243243243246
30215,Britain,0.00,0,-0.177393719,-0.8125,5,0
30215,Soviet Russia,0.00,-1.58113883,-0.177393719,-1.4375,5,0
30215,France,0.00,0,-1.655674709,1.0625,5,0
30215,Italy,0.00,0,0.709574875,0.125,5,0
30092,Soviet Russia,0.00,-1.58113883,-0.177393719,-1.4375,5,0.5135135135135135
30092,France,0.00,0,-1.655674709,1.0625,5,0.2702702702702703
30092,Britain,0.00,0,-0.177393719,-0.8125,5,0.20270270270270271
30092,Germany,0.00,1.58113883,1.300887271,1.0625,5,0.013513513513513514
30092,Italy,0.00,0,0.709574875,0.125,5,0
30051,Soviet Russia,0.00,-1.58113883,-0.177393719,-1.4375,5,0.6081081081081081
30051,Italy,0.00,0,0.709574875,0.125,5,0.3918918918918919
30051,Britain,0.00,0,-0.177393719,-0.8125,5,0.0
30051,France,0.00,0,-1.655674709,1.0625,5,0
30051,Germany,0.00,1.58113883,1.300887271,1.0625,5,0
29794,Britain,0.00,0,-0.177393719,-0.8125,5,0.40540540540540543
29794,Soviet Russia,0.00,-1.58113883,-0.177393719,-1.4375,5,0.32432432432432434
29794,Germany,0.00,1.58113883,1.300887271,1.0625,5,0.2702702702702703
29794,Italy,0.00,0,0.709574875,0.125,5,0
29794,France,0.00,0,-1.655674709,1.0625,5,0
29684,Soviet Russia,0.00,-1.58113883,-0.177393719,-1.4375,5,0.43243243243243246
29684,Britain,0.00,0,-0.177393719,-0.8125,5,0.28378378378378377
29684,Italy,0.00,0,0.709574875,0.125,5,0.1891891891891892
29684,France,0.00,0,-1.655674709,1.0625,5,0.0945945945945946
29684,Germany,0.00,1.58113883,1.300887271,1.0625,5,0
29612,France,0.00,0,-1.655674709,1.0625,5,0.25675675675675674
29612,Soviet Russia,0.00,-1.58113883,-0.177393719,-1.4375,5,0.25675675675675674
29612,Italy,0.00,0,0.709574875,0.125,5,0.24324324324324326
29612,Germany,0.00,1.58113883,1.300887271,1.0625,5,0.24324324324324326
29612,Britain,0.00,0,-0.177393719,-0.8125,5,0
29430,Soviet Russia,0.00,-1.58113883,-0.177393719,-1.4375,5,0.5540540540540541
29430,Italy,0.00,0,0.709574875,0.125,5,0.44594594594594594
29430,Germany,0.00,1.58113883,1.300887271,1.0625,5,0
29430,France,0.00,0,-1.655674709,1.0625,5,0
29430,Britain,0.00,0,-0.177393719,-0.8125,5,0
29378,Soviet Russia,0.00,-1.58113883,-0.177393719,-1.4375,5,0.6216216216216216
29378,Italy,0.00,0,0.709574875,0.125,5,0.33783783783783783
29378,Britain,0.00,0,-0.177393719,-0.8125,5,0.04054054054054054
29378,Germany,0.00,1.58113883,1.300887271,1.0625,5,0
29378,France,0.00,0,-1.655674709,1.0625,5,0
29025,Italy,0.00,0,0.709574875,0.125,5,0.6081081081081081
29025,Soviet Russia,0.00,-1.58113883,-0.177393719,-1.4375,5,0.2972972972972973
29025,Britain,0.00,0,-0.177393719,-0.8125,5,0.0945945945945946
29025,France,0.00,0,-1.655674709,1.0625,5,0
29025,Germany,0.00,1.58113883,1.300887271,1.0625,5,0
28984,Germany,0.00,1.58113883,1.300887271,1.0625,5,0.4864864864864865
28984,Italy,0.00,0,0.709574875,0.125,5,0.4864864864864865
28984,France,0.00,0,-1.655674709,1.0625,5,0.02702702702702703
28984,Britain,0.00,0,-0.177393719,-0.8125,5,0
28984,Soviet Russia,0.00,-1.58113883,-0.177393719,-1.4375,5,0
28761,Germany,0.00,1.58113883,1.300887271,1.0625,5,0.36486486486486486
28761,Britain,0.00,0,-0.177393719,-0.8125,5,0.32432432432432434
28761,Soviet Russia,0.00,-1.58113883,-0.177393719,-1.4375,5,0.12162162162162163
28761,Italy,0.00,0,0.709574875,0.125,5,0.0945945945945946
28761,France,0.00,0,-1.655674709,1.0625,5,0.06756756756756757
28743,Soviet Russia,0.00,-1.58113883,-0.177393719,-1.4375,5,0.6081081081081081
28743,Italy,0.00,0,0.709574875,0.125,5,0.21621621621621623
28743,France,0.00,0,-1.655674709,1.0625,5,0.12162162162162163
28743,Britain,0.00,0,-0.177393719,-0.8125,5,0.05405405405405406
28743,Germany,0.00,1.58113883,1.300887271,1.0625,5,0
28597,Soviet Russia,0.00,-1.58113883,-0.177393719,-1.4375,5,0.47297297297297297
28597,Italy,0.00,0,0.709574875,0.125,5,0.40540540540540543
28597,Britain,0.00,0,-0.177393719,-0.8125,5,0.12162162162162163
28597,France,0.00,0,-1.655674709,1.0625,5,0
28597,Germany,0.00,1.58113883,1.300887271,1.0625,5,0
28555,Germany,0.00,1.58113883,1.300887271,1.0625,5,0.6081081081081081
28555,Italy,0.00,0,0.709574875,0.125,5,0.3918918918918919
28555,Britain,0.00,0,-0.177393719,-0.8125,5,0.0
28555,France,0.00,0,-1.655674709,1.0625,5,0
28555,Soviet Russia,0.00,-1.58113883,-0.177393719,-1.4375,5,0
28294,Germany,0.00,1.58113883,1.300887271,1.0625,5,0.47297297297297297
28294,Britain,0.00,0,-0.177393719,-0.8125,5,0.36486486486486486
28294,Italy,0.00,0,0.709574875,0.125,5,0.16216216216216217
28294,Soviet Russia,0.00,-1.58113883,-0.177393719,-1.4375,5,0
28294,France,0.00,0,-1.655674709,1.0625,5,0
28226,Soviet Russia,0.00,-1.58113883,-0.177393719,-1.4375,5,0.4864864864864865
28226,Italy,0.00,0,0.709574875,0.125,5,0.1891891891891892
28226,Germany,0.00,1.58113883,1.300887271,1.0625,5,0.13513513513513514
28226,Britain,0.00,0,-0.177393719,-0.8125,5,0.12162162162162163
28226,France,0.00,0,-1.655674709,1.0625,5,0.06756756756756757
28180,France,0.00,0,-1.655674709,1.0625,5,0.0945945945945946
28180,Italy,0.00,0,0.709574875,0.125,5,0.0945945945945946
28180,Germany,0.00,1.58113883,1.300887271,1.0625,5,0.0945945945945946
28180,Britain,0.00,0,-0.177393719,-0.8125,5,0.0945945945945946
28180,Soviet Russia,0.00,-1.58113883,-0.177393719,-1.4375,5,0.0945945945945946
28115,Germany,0.00,1.58113883,1.300887271,1.0625,5,0.4594594594594595
28115,Italy,0.00,0,0.709574875,0.125,5,0.40540540540540543
28115,Soviet Russia,0.00,-1.58113883,-0.177393719,-1.4375,5,0.06756756756756757
28115,France,0.00,0,-1.655674709,1.0625,5,0.04054054054054054
28115,Britain,0.00,0,-0.177393719,-0.8125,5,0.02702702702702703
28082,Britain,0.00,0,-0.177393719,-0.8125,5,0.5135135135135135
28082,Germany,0.00,1.58113883,1.300887271,1.0625,5,0.4864864864864865
28082,Soviet Russia,0.00,-1.58113883,-0.177393719,-1.4375,5,0
28082,France,0.00,0,-1.655674709,1.0625,5,0
28082,Italy,0.00,0,0.709574875,0.125,5,0
28050,Italy,0.00,0,0.709574875,0.125,5,0.47297297297297297
28050,Germany,0.00,1.58113883,1.300887271,1.0625,5,0.3108108108108108
28050,Soviet Russia,0.00,-1.58113883,-0.177393719,-1.4375,5,0.21621621621621623
28050,Britain,0.00,0,-0.177393719,-0.8125,5,0
28050,France,0.00,0,-1.655674709,1.0625,5,0
27953,Germany,0.00,1.58113883,1.300887271,1.0625,5,0.40540540540540543
27953,Britain,0.00,0,-0.177393719,-0.8125,5,0.3783783783783784
27953,Soviet Russia,0.00,-1.58113883,-0.177393719,-1.4375,5,0.21621621621621623
27953,Italy,0.00,0,0.709574875,0.125,5,0
27953,France,0.00,0,-1.655674709,1.0625,5,0
27945,Germany,0.00,1.58113883,1.300887271,1.0625,5,0.5540540540540541
27945,Britain,0.00,0,-0.177393719,-0.8125,5,0.35135135135135137
27945,Italy,0.00,0,0.709574875,0.125,5,0.0945945945945946
27945,Soviet Russia,0.00,-1.58113883,-0.177393719,-1.4375,5,0
27945,France,0.00,0,-1.655674709,1.0625,5,0
27941,Soviet Russia,0.00,-1.58113883,-0.177393719,-1.4375,5,0.44594594594594594
27941,Italy,0.00,0,0.709574875,0.125,5,0.32432432432432434
27941,France,0.00,0,-1.655674709,1.0625,5,0.22972972972972974
27941,Britain,0.00,0,-0.177393719,-0.8125,5,0
27941,Germany,0.00,1.58113883,1.300887271,1.0625,5,0
27883,Italy,0.00,0,0.709574875,0.125,5,0.5405405405405406
27883,Soviet Russia,0.00,-1.58113883,-0.177393719,-1.4375,5,0.4594594594594595
27883,Britain,0.00,0,-0.177393719,-0.8125,5,0
27883,Germany,0.00,1.58113883,1.300887271,1.0625,5,0
27883,France,0.00,0,-1.655674709,1.0625,5,0
27821,Italy,0.00,0,0.709574875,0.125,5,0.3918918918918919
27821,Germany,0.00,1.58113883,1.300887271,1.0625,5,0
27821,Britain,0.00,0,-0.177393719,-0.8125,5,0
27821,France,0.00,0,-1.655674709,1.0625,5,0
27821,Soviet Russia,0.00,-1.58113883,-0.177393719,-1.4375,5,0
27809,France,0.00,0,-1.655674709,1.0625,5,0.6351351351351351
27809,Germany,0.00,1.58113883,1.300887271,1.0625,5,0.22972972972972974
27809,Soviet Russia,0.00,-1.58113883,-0.177393719,-1.4375,5,0.12162162162162163
27809,Britain,0.00,0,-0.177393719,-0.8125,5,0.013513513513513514
27809,Italy,0.00,0,0.709574875,0.125,5,0
27605,France,0.00,0,-1.655674709,1.0625,5,0.013513513513513514
27605,Germany,0.00,1.58113883,1.300887271,1.0625,5,0.4189189189189189
27605,Italy,0.00,0,0.709574875,0.125,5,0.28378378378378377
27605,Soviet Russia,0.00,-1.58113883,-0.177393719,-1.4375,5,0.28378378378378377
27605,Britain,0.00,0,-0.177393719,-0.8125,5,0
27552,Italy,0.00,0,0.709574875,0.125,5,0.35135135135135137
27552,Soviet Russia,0.00,-1.58113883,-0.177393719,-1.4375,5,0.3108108108108108
27552,France,0.00,0,-1.655674709,1.0625,5,0.20270270270270271
27552,Britain,0.00,0,-0.177393719,-0.8125,5,0.13513513513513514
27552,Germany,0.00,1.58113883,1.300887271,1.0625,5,0
27302,Germany,0.00,1.58113883,1.300887271,1.0625,5,0.3918918918918919
27302,Italy,0.00,0,0.709574875,0.125,5,0.33783783783783783
27302,France,0.00,0,-1.655674709,1.0625,5,0.2702702702702703
27302,Soviet Russia,0.00,-1.58113883,-0.177393719,-1.4375,5,0
27302,Britain,0.00,0,-0.177393719,-0.8125,5,0
27215,Germany,0.00,1.58113883,1.300887271,1.0625,5,0.24324324324324326
27215,France,0.00,0,-1.655674709,1.0625,5,0.21621621621621623
27215,Britain,0.00,0,-0.177393719,-0.8125,5,0.17567567567567569
27215,Italy,0.00,0,0.709574875,0.125,5,0.16216216216216217
27215,Soviet Russia,0.00,-1.58113883,-0.177393719,-1.4375,5,0.14864864864864866
27122,Soviet Russia,0.00,-1.58113883,-0.177393719,-1.4375,5,0.6081081081081081
27122,Britain,0.00,0,-0.177393719,-0.8125,5,0.2972972972972973
27122,Italy,0.00,0,0.709574875,0.125,5,0.05405405405405406
27122,France,0.00,0,-1.655674709,1.0625,5,0.04054054054054054
27122,Germany,0.00,1.58113883,1.300887271,1.0625,5,0
27061,Germany,0.00,1.58113883,1.300887271,1.0625,5,0.5945945945945946
27061,Italy,0.00,0,0.709574875,0.125,5,0.3783783783783784
27061,France,0.00,0,-1.655674709,1.0625,5,0.013513513513513514
27061,Soviet Russia,0.00,-1.58113883,-0.177393719,-1.4375,5,0.013513513513513514
27061,Britain,0.00,0,-0.177393719,-0.8125,5,0
26968,Soviet Russia,0.00,-1.58113883,-0.177393719,-1.4375,5,0.527027027027027
26968,France,0.00,0,-1.655674709,1.0625,5,0.43243243243243246
26968,Britain,0.00,0,-0.177393719,-0.8125,5,0.04054054054054054
26968,Italy,0.00,0,0.709574875,0.125,5,0
26968,Germany,0.00,1.58113883,1.300887271,1.0625,5,0
26921,France,0.00,0,-1.655674709,1.0625,5,0.33783783783783783
26921,Soviet Russia,0.00,-1.58113883,-0.177393719,-1.4375,5,0.32432432432432434
26921,Germany,0.00,1.58113883,1.300887271,1.0625,5,0.24324324324324326
26921,Italy,0.00,0,0.709574875,0.125,5,0.08108108108108109
26921,Britain,0.00,0,-0.177393719,-0.8125,5,0.013513513513513514
26911,France,0.00,0,-1.655674709,1.0625,5,0.6486486486486487
26911,Soviet Russia,0.00,-1.58113883,-0.177393719,-1.4375,5,0.35135135135135137
26911,Germany,0.00,1.58113883,1.300887271,1.0625,5,0.0
26911,Britain,0.00,0,-0.177393719,-0.8125,5,0
26911,Italy,0.00,0,0.709574875,0.125,5,0
26545,Britain,0.00,0,-0.177393719,-0.8125,5,0.3783783783783784
26545,Germany,0.00,1.58113883,1.300887271,1.0625,5,0.32432432432432434
26545,Soviet Russia,0.00,-1.58113883,-0.177393719,-1.4375,5,0.2972972972972973
26545,Italy,0.00,0,0.709574875,0.125,5,0
26545,France,0.00,0,-1.655674709,1.0625,5,0
26513,Germany,0.00,1.58113883,1.300887271,1.0625,5,0.5
26513,Italy,0.00,0,0.709574875,0.125,5,0.5
26513,France,0.00,0,-1.655674709,1.0625,5,0
26513,Soviet Russia,0.00,-1.58113883,-0.177393719,-1.4375,5,0
26513,Britain,0.00,0,-0.177393719,-0.8125,5,0
26509,Britain,0.00,0,-0.177393719,-0.8125,5,0.527027027027027
26509,Germany,0.00,1.58113883,1.300887271,1.0625,5,0.47297297297297297
26509,France,0.00,0,-1.655674709,1.0625,5,0
26509,Soviet Russia,0.00,-1.58113883,-0.177393719,-1.4375,5,0
26509,Italy,0.00,0,0.709574875,0.125,5,0
26487,Soviet Russia,0.00,-1.58113883,-0.177393719,-1.4375,5,0.3783783783783784
26487,Italy,0.00,0,0.709574875,0.125,5,0.24324324324324326
26487,France,0.00,0,-1.655674709,1.0625,5,0.17567567567567569
26487,Britain,0.00,0,-0.177393719,-0.8125,5,0.17567567567567569
26487,Germany,0.00,1.58113883,1.300887271,1.0625,5,0.02702702702702703
26393,Germany,0.00,1.58113883,1.300887271,1.0625,5,0.6081081081081081
26393,Italy,0.00,0,0.709574875,0.125,5,0.2972972972972973
26393,France,0.00,0,-1.655674709,1.0625,5,0.0945945945945946
26393,Soviet Russia,0.00,-1.58113883,-0.177393719,-1.4375,5,0
26393,Britain,0.00,0,-0.177393719,-0.8125,5,0
26369,Soviet Russia,0.00,-1.58113883,-0.177393719,-1.4375,5,0.43243243243243246
26369,Britain,0.00,0,-0.177393719,-0.8125,5,0.40540540540540543
26369,France,0.00,0,-1.655674709,1.0625,5,0.16216216216216217
26369,Italy,0.00,0,0.709574875,0.125,5,0
26369,Germany,0.00,1.58113883,1.300887271,1.0625,5,0
26290,Soviet Russia,0.00,-1.58113883,-0.177393719,-1.4375,5,0.22972972972972974
26290,Germany,0.00,1.58113883,1.300887271,1.0625,5,0.20270270270270271
26290,Italy,0.00,0,0.709574875,0.125,5,0.1891891891891892
26290,France,0.00,0,-1.655674709,1.0625,5,0.1891891891891892
26290,Britain,0.00,0,-0.177393719,-0.8125,5,0.17567567567567569
26177,Germany,0.00,1.58113883,1.300887271,1.0625,5,0.2972972972972973
26177,Italy,0.00,0,0.709574875,0.125,5,0.25675675675675674
26177,France,0.00,0,-1.655674709,1.0625,5,0.21621621621621623
26177,Soviet Russia,0.00,-1.58113883,-0.177393719,-1.4375,5,0.12162162162162163
26177,Britain,0.00,0,-0.177393719,-0.8125,5,0.10810810810810811
26141,Germany,0.00,1.58113883,1.300887271,1.0625,5,0.5
26141,Soviet Russia,0.00,-1.58113883,-0.177393719,-1.4375,5,0.5
26141,Britain,0.00,0,-0.177393719,-0.8125,5,0
26141,France,0.00,0,-1.655674709,1.0625,5,0
26141,Italy,0.00,0,0.709574875,0.125,5,0
26079,Italy,0.00,0,0.709574875,0.125,5,0.6216216216216216
26079,Soviet Russia,0.00,-1.58113883,-0.177393719,-1.4375,5,0.25675675675675674
26079,Germany,0.00,1.58113883,1.300887271,1.0625,5,0.12162162162162163
26079,France,0.00,0,-1.655674709,1.0625,5,0
26079,Britain,0.00,0,-0.177393719,-0.8125,5,0
26003,France,0.00,0,-1.655674709,1.0625,5,0.3783783783783784
26003,Soviet Russia,0.00,-1.58113883,-0.177393719,-1.4375,5,0.24324324324324326
26003,Britain,0.00,0,-0.177393719,-0.8125,5,0.21621621621621623
26003,Germany,0.00,1.58113883,1.300887271,1.0625,5,0.16216216216216217
26003,Italy,0.00,0,0.709574875,0.125,5,0
25968,Germany,0.00,1.58113883,1.300887271,1.0625,5,0.527027027027027
25968,Britain,0.00,0,-0.177393719,-0.8125,5,0.35135135135135137
25968,Italy,0.00,0,0.709574875,0.125,5,0.12162162162162163
25968,France,0.00,0,-1.655674709,1.0625,5,0
25968,Soviet Russia,0.00,-1.58113883,-0.177393719,-1.4375,5,0
25820,Germany,0.00,1.58113883,1.300887271,1.0625,5,0.3108108108108108
25820,France,0.00,0,-1.655674709,1.0625,5,0.17567567567567569
25820,Britain,0.00,0,-0.177393719,-0.8125,5,0.17567567567567569
25820,Soviet Russia,0.00,-1.58113883,-0.177393719,-1.4375,5,0.17567567567567569
25820,Italy,0.00,0,0.709574875,0.125,5,0.14864864864864866
25818,Soviet Russia,0.00,-1.58113883,-0.177393719,-1.4375,5,0.3783783783783784
25818,Italy,0.00,0,0.709574875,0.125,5,0.32432432432432434
25818,Germany,0.00,1.58113883,1.300887271,1.0625,5,0.2972972972972973
25818,France,0.00,0,-1.655674709,1.0625,5,0
25818,Britain,0.00,0,-0.177393719,-0.8125,5,0
25804,Britain,0.00,0,-0.177393719,-0.8125,5,0.6351351351351351
25804,Soviet Russia,0.00,-1.58113883,-0.177393719,-1.4375,5,0.35135135135135137
25804,Germany,0.00,1.58113883,1.300887271,1.0625,5,0.013513513513513514
25804,France,0.00,0,-1.655674709,1.0625,5,0
25804,Italy,0.00,0,0.709574875,0.125,5,0
25645,Germany,0.00,1.58113883,1.300887271,1.0625,5,0.47297297297297297
25645,France,0.00,0,-1.655674709,1.0625,5,0.2972972972972973
25645,Soviet Russia,0.00,-1.58113883,-0.177393719,-1.4375,5,0.22972972972972974
25645,Britain,0.00,0,-0.177393719,-0.8125,5,0
25645,Italy,0.00,0,0.709574875,0.125,5,0
25635,Britain,0.00,0,-0.177393719,-0.8125,5,0.33783783783783783
25635,Germany,0.00,1.58113883,1.300887271,1.0625,5,0.36486486486486486
25635,Soviet Russia,0.00,-1.58113883,-0.177393719,-1.4375,5,0.12162162162162163
25635,Italy,0.00,0,0.709574875,0.125,5,0.0945945945945946
25635,France,0.00,0,-1.655674709,1.0625,5,0.06756756756756757
25632,Germany,0.00,1.58113883,1.300887271,1.0625,5,0.6351351351351351
25632,France,0.00,0,-1.655674709,1.0625,5,0.25675675675675674
25632,Britain,0.00,0,-0.177393719,-0.8125,5,0.05405405405405406
25632,Soviet Russia,0.00,-1.58113883,-0.177393719,-1.4375,5,0.0
25632,Italy,0.00,0,0.709574875,0.125,5,0.05405405405405406
25367,Soviet Russia,0.00,-1.58113883,-0.177393719,-1.4375,5,0.22972972972972974
25367,Germany,0.00,1.58113883,1.300887271,1.0625,5,0.2972972972972973
25367,France,0.00,0,-1.655674709,1.0625,5,0.16216216216216217
25367,Italy,0.00,0,0.709574875,0.125,5,0.14864864864864866
25367,Britain,0.00,0,-0.177393719,-0.8125,5,0.12162162162162163
25124,Germany,0.00,1.58113883,1.300887271,1.0625,5,0.6081081081081081
25124,Soviet Russia,0.00,-1.58113883,-0.177393719,-1.4375,5,0.20270270270270271
25124,Italy,0.00,0,0.709574875,0.125,5,0.17567567567567569
25124,Britain,0.00,0,-0.177393719,-0.8125,5,0.013513513513513514
25124,France,0.00,0,-1.655674709,1.0625,5,0.0
25102,Soviet Russia,0.00,-1.58113883,-0.177393719,-1.4375,5,0.527027027027027
25102,Italy,0.00,0,0.709574875,0.125,5,0.40540540540540543
25102,Britain,0.00,0,-0.177393719,-0.8125,5,0.06756756756756757
25102,Germany,0.00,1.58113883,1.300887271,1.0625,5,0
25102,France,0.00,0,-1.655674709,1.0625,5,0
25029,Germany,0.00,1.58113883,1.300887271,1.0625,5,0.3783783783783784
25029,Italy,0.00,0,0.709574875,0.125,5,0.32432432432432434
25029,France,0.00,0,-1.655674709,1.0625,5,0.2972972972972973
25029,Britain,0.00,0,-0.177393719,-0.8125,5,0.0
25029,Soviet Russia,0.00,-1.58113883,-0.177393719,-1.4375,5,0
25026,Germany,0.00,1.58113883,1.300887271,1.0625,5,0.2972972972972973
25026,Britain,0.00,0,-0.177393719,-0.8125,5,0.24324324324324326
25026,France,0.00,0,-1.655674709,1.0625,5,0.17567567567567569
25026,Italy,0.00,0,0.709574875,0.125,5,0.16216216216216217
25026,Soviet Russia,0.00,-1.58113883,-0.177393719,-1.4375,5,0.12162162162162163
24855,Soviet Russia,0.00,-1.58113883,-0.177393719,-1.4375,5,0.35135135135135137
24855,France,0.00,0,-1.655674709,1.0625,5,0.24324324324324326
24855,Italy,0.00,0,0.709574875,0.125,5,0.1891891891891892
24855,Germany,0.00,1.58113883,1.300887271,1.0625,5,0.16216216216216217
24855,Britain,0.00,0,-0.177393719,-0.8125,5,0.05405405405405406
24745,Britain,0.00,0,-0.177393719,-0.8125,5,0.3108108108108108
24745,Soviet Russia,0.00,-1.58113883,-0.177393719,-1.4375,5,0.2972972972972973
24745,Germany,0.00,1.58113883,1.300887271,1.0625,5,0.20270270270270271
24745,Italy,0.00,0,0.709574875,0.125,5,0.1891891891891892
24745,France,0.00,0,-1.655674709,1.0625,5,0
24522,Italy,0.00,0,0.709574875,0.125,5,0.2702702702702703
24522,Germany,0.00,1.58113883,1.300887271,1.0625,5,0.22972972972972974
24522,Soviet Russia,0.00,-1.58113883,-0.177393719,-1.4375,5,0.1891891891891892
24522,Britain,0.00,0,-0.177393719,-0.8125,5,0.16216216216216217
24522,France,0.00,0,-1.655674709,1.0625,5,0.14864864864864866
24382,Britain,0.00,0,-0.177393719,-0.8125,5,0.581081081081081
24382,Germany,0.00,1.58113883,1.300887271,1.0625,5,0.4189189189189189
24382,France,0.00,0,-1.655674709,1.0625,5,0
24382,Italy,0.00,0,0.709574875,0.125,5,0
24382,Soviet Russia,0.00,-1.58113883,-0.177393719,-1.4375,5,0
24310,Soviet Russia,0.00,-1.58113883,-0.177393719,-1.4375,5,0.43243243243243246
24310,France,0.00,0,-1.655674709,1.0625,5,0.2702702702702703
24310,Italy,0.00,0,0.709574875,0.125,5,0.20270270270270271
24310,Britain,0.00,0,-0.177393719,-0.8125,5,0.08108108108108109
24310,Germany,0.00,1.58113883,1.300887271,1.0625,5,0.013513513513513514
24284,Italy,0.00,0,0.709574875,0.125,5,0.5675675675675675
24284,Soviet Russia,0.00,-1.58113883,-0.177393719,-1.4375,5,0.43243243243243246
24284,France,0.00,0,-1.655674709,1.0625,5,0
24284,Germany,0.00,1.58113883,1.300887271,1.0625,5,0
24284,Britain,0.00,0,-0.177393719,-0.8125,5,0
23988,Italy,0.00,0,0.709574875,0.125,5,0.5
23988,France,0.00,0,-1.655674709,1.0625,5,0.3783783783783784
23988,Soviet Russia,0.00,-1.58113883,-0.177393719,-1.4375,5,0.12162162162162163
23988,Germany,0.00,1.58113883,1.300887271,1.0625,5,0
23988,Britain,0.00,0,-0.177393719,-0.8125,5,0
23915,Germany,0.00,1.58113883,1.300887271,1.0625,5,0.5405405405405406
23915,Italy,0.00,0,0.709574875,0.125,5,0.4594594594594595
23915,France,0.00,0,-1.655674709,1.0625,5,0
23915,Britain,0.00,0,-0.177393719,-0.8125,5,0
23915,Soviet Russia,0.00,-1.58113883,-0.177393719,-1.4375,5,0
23693,France,0.00,0,-1.655674709,1.0625,5,0.5
23693,Germany,0.00,1.58113883,1.300887271,1.0625,5,0
23693,Soviet Russia,0.00,-1.58113883,-0.177393719,-1.4375,5,0
23693,Italy,0.00,0,0.709574875,0.125,5,0
23693,Britain,0.00,0,-0.177393719,-0.8125,5,0
23567,Italy,0.00,0,0.709574875,0.125,5,0.47297297297297297
23567,France,0.00,0,-1.655674709,1.0625,5,0.33783783783783783
23567,Soviet Russia,0.00,-1.58113883,-0.177393719,-1.4375,5,0.10810810810810811
23567,Germany,0.00,1.58113883,1.300887271,1.0625,5,0.05405405405405406
23567,Britain,0.00,0,-0.177393719,-0.8125,5,0.02702702702702703
23566,Britain,0.00,0,-0.177393719,-0.8125,5,0.527027027027027
23566,Germany,0.00,1.58113883,1.300887271,1.0625,5,0.47297297297297297
23566,Soviet Russia,0.00,-1.58113883,-0.177393719,-1.4375,5,0
23566,France,0.00,0,-1.655674709,1.0625,5,0
23566,Italy,0.00,0,0.709574875,0.125,5,0
23491,Britain,0.00,0,-0.177393719,-0.8125,5,0.33783783783783783
23491,France,0.00,0,-1.655674709,1.0625,5,0.25675675675675674
23491,Germany,0.00,1.58113883,1.300887271,1.0625,5,0.21621621621621623
23491,Soviet Russia,0.00,-1.58113883,-0.177393719,-1.4375,5,0.1891891891891892
23491,Italy,0.00,0,0.709574875,0.125,5,0
23099,Italy,0.00,0,0.709574875,0.125,5,0.6756756756756757
23099,Germany,0.00,1.58113883,1.300887271,1.0625,5,0.21621621621621623
23099,Britain,0.00,0,-0.177393719,-0.8125,5,0.0945945945945946
23099,Soviet Russia,0.00,-1.58113883,-0.177393719,-1.4375,5,0.013513513513513514
23099,France,0.00,0,-1.655674709,1.0625,5,0
22829,Soviet Russia,0.00,-1.58113883,-0.177393719,-1.4375,5,0.5540540540540541
22829,Germany,0.00,1.58113883,1.300887271,1.0625,5,0
22829,France,0.00,0,-1.655674709,1.0625,5,0
22829,Britain,0.00,0,-0.177393719,-0.8125,5,0
22829,Italy,0.00,0,0.709574875,0.125,5,0
22607,Germany,0.00,1.58113883,1.300887271,1.0625,5,0.0945945945945946
22607,France,0.00,0,-1.655674709,1.0625,5,0.0945945945945946
22607,Britain,0.00,0,-0.177393719,-0.8125,5,0.0945945945945946
22607,Soviet Russia,0.00,-1.58113883,-0.177393719,-1.4375,5,0.0945945945945946
22607,Italy,0.00,0,0.709574875,0.125,5,0.0945945945945946
22374,Germany,0.00,1.58113883,1.300887271,1.0625,5,0.5
22374,Italy,0.00,0,0.709574875,0.125,5,0.5
22374,France,0.00,0,-1.655674709,1.0625,5,0
22374,Britain,0.00,0,-0.177393719,-0.8125,5,0
22374,Soviet Russia,0.00,-1.58113883,-0.177393719,-1.4375,5,0
22268,Soviet Russia,0.00,-1.58113883,-0.177393719,-1.4375,5,0.7432432432432432
22268,France,0.00,0,-1.655674709,1.0625,5,0.24324324324324326
22268,Britain,0.00,0,-0.177393719,-0.8125,5,0.013513513513513514
22268,Italy,0.00,0,0.709574875,0.125,5,0
22268,Germany,0.00,1.58113883,1.300887271,1.0625,5,0
22247,Germany,0.00,1.58113883,1.300887271,1.0625,5,0.6621621621621622
22247,Italy,0.00,0,0.709574875,0.125,5,0.24324324324324326
22247,France,0.00,0,-1.655674709,1.0625,5,0.0945945945945946
22247,Soviet Russia,0.00,-1.58113883,-0.177393719,-1.4375,5,0
22247,Britain,0.00,0,-0.177393719,-0.8125,5,0
22181,Germany,0.00,1.58113883,1.300887271,1.0625,5,0.3783783783783784
22181,Britain,0.00,0,-0.177393719,-0.8125,5,0
22181,Italy,0.00,0,0.709574875,0.125,5,0
22181,France,0.00,0,-1.655674709,1.0625,5,0
22181,Soviet Russia,0.00,-1.58113883,-0.177393719,-1.4375,5,0
22078,Italy,0.00,0,0.709574875,0.125,5,0.7162162162162162
22078,Germany,0.00,1.58113883,1.300887271,1.0625,5,0.16216216216216217
22078,Soviet Russia,0.00,-1.58113883,-0.177393719,-1.4375,5,0.12162162162162163
22078,France,0.00,0,-1.655674709,1.0625,5,0
22078,Britain,0.00,0,-0.177393719,-0.8125,5,0
22059,Soviet Russia,0.00,-1.58113883,-0.177393719,-1.4375,5,0.5
22059,Italy,0.00,0,0.709574875,0.125,5,0
22059,France,0.00,0,-1.655674709,1.0625,5,0
22059,Germany,0.00,1.58113883,1.300887271,1.0625,5,0
22059,Britain,0.00,0,-0.177393719,-0.8125,5,0
22044,Italy,0.00,0,0.709574875,0.125,5,0.6756756756756757
22044,Britain,0.00,0,-0.177393719,-0.8125,5,0.10810810810810811
22044,Soviet Russia,0.00,-1.58113883,-0.177393719,-1.4375,5,0.06756756756756757
22044,France,0.00,0,-1.655674709,1.0625,5,0.04054054054054054
22044,Germany,0.00,1.58113883,1.300887271,1.0625,5,0.10810810810810811
22040,Britain,0.00,0,-0.177393719,-0.8125,5,0.5135135135135135
22040,Germany,0.00,1.58113883,1.300887271,1.0625,5,0.4864864864864865
22040,Italy,0.00,0,0.709574875,0.125,5,0
22040,Soviet Russia,0.00,-1.58113883,-0.177393719,-1.4375,5,0
22040,France,0.00,0,-1.655674709,1.0625,5,0
21988,Germany,0.00,1.58113883,1.300887271,1.0625,5,0.5540540540540541
21988,Italy,0.00,0,0.709574875,0.125,5,0.013513513513513514
21988,Britain,0.00,0,-0.177393719,-0.8125,5,0.43243243243243246
21988,Soviet Russia,0.00,-1.58113883,-0.177393719,-1.4375,5,0
21988,France,0.00,0,-1.655674709,1.0625,5,0
21973,Britain,0.00,0,-0.177393719,-0.8125,5,0.24324324324324326
21973,Soviet Russia,0.00,-1.58113883,-0.177393719,-1.4375,5,0.24324324324324326
21973,Germany,0.00,1.58113883,1.300887271,1.0625,5,0.22972972972972974
21973,Italy,0.00,0,0.709574875,0.125,5,0.20270270270270271
21973,France,0.00,0,-1.655674709,1.0625,5,0.08108108108108109
21853,Britain,0.00,0,-0.177393719,-0.8125,5,0.3783783783783784
21853,Soviet Russia,0.00,-1.58113883,-0.177393719,-1.4375,5,0.2702702702702703
21853,Italy,0.00,0,0.709574875,0.125,5,0.22972972972972974
21853,Germany,0.00,1.58113883,1.300887271,1.0625,5,0.12162162162162163
21853,France,0.00,0,-1.655674709,1.0625,5,0
21837,France,0.00,0,-1.655674709,1.0625,5,0.4864864864864865
21837,Soviet Russia,0.00,-1.58113883,-0.177393719,-1.4375,5,0.4594594594594595
21837,Italy,0.00,0,0.709574875,0.125,5,0.05405405405405406
21837,Germany,0.00,1.58113883,1.300887271,1.0625,5,0
21837,Britain,0.00,0,-0.177393719,-0.8125,5,0
21430,France,0.00,0,-1.655674709,1.0625,5,0.5
21430,Britain,0.00,0,-0.177393719,-0.8125,5,0.5
21430,Germany,0.00,1.58113883,1.300887271,1.0625,5,0
21430,Italy,0.00,0,0.709574875,0.125,5,0
21430,Soviet Russia,0.00,-1.58113883,-0.177393719,-1.4375,5,0
21394,Italy,0.00,0,0.709574875,0.125,5,0.40540540540540543
21394,France,0.00,0,-1.655674709,1.0625,5,0.3108108108108108
21394,Soviet Russia,0.00,-1.58113883,-0.177393719,-1.4375,5,0.28378378378378377
21394,Germany,0.00,1.58113883,1.300887271,1.0625,5,0
21394,Britain,0.00,0,-0.177393719,-0.8125,5,0
21376,France,0.00,0,-1.655674709,1.0625,5,0.4594594594594595
21376,Soviet Russia,0.00,-1.58113883,-0.177393719,-1.4375,5,0.28378378378378377
21376,Germany,0.00,1.58113883,1.300887271,1.0625,5,0.24324324324324326
21376,Britain,0.00,0,-0.177393719,-0.8125,5,0.013513513513513514
21376,Italy,0.00,0,0.709574875,0.125,5,0
21080,Germany,0.00,1.58113883,1.300887271,1.0625,5,0.40540540540540543
21080,France,0.00,0,-1.655674709,1.0625,5,0.14864864864864866
21080,Italy,0.00,0,0.709574875,0.125,5,0.25675675675675674
21080,Britain,0.00,0,-0.177393719,-0.8125,5,0.10810810810810811
21080,Soviet Russia,0.00,-1.58113883,-0.177393719,-1.4375,5,0.08108108108108109
21007,Italy,0.00,0,0.709574875,0.125,5,0.43243243243243246
21007,Germany,0.00,1.58113883,1.300887271,1.0625,5,0.3108108108108108
21007,Soviet Russia,0.00,-1.58113883,-0.177393719,-1.4375,5,0.24324324324324326
21007,Britain,0.00,0,-0.177393719,-0.8125,5,0.013513513513513514
21007,France,0.00,0,-1.655674709,1.0625,5,0
20971,Germany,0.00,1.58113883,1.300887271,1.0625,5,0.33783783783783783
20971,France,0.00,0,-1.655674709,1.0625,5,0.32432432432432434
20971,Britain,0.00,0,-0.177393719,-0.8125,5,0.17567567567567569
20971,Soviet Russia,0.00,-1.58113883,-0.177393719,-1.4375,5,0.14864864864864866
20971,Italy,0.00,0,0.709574875,0.125,5,0.013513513513513514
20937,Britain,0.00,0,-0.177393719,-0.8125,5,0.5
20937,Italy,0.00,0,0.709574875,0.125,5,0.5
20937,France,0.00,0,-1.655674709,1.0625,5,0
20937,Germany,0.00,1.58113883,1.300887271,1.0625,5,0
20937,Soviet Russia,0.00,-1.58113883,-0.177393719,-1.4375,5,0
20829,France,0.00,0,-1.655674709,1.0625,5,0.7297297297297297
20829,Soviet Russia,0.00,-1.58113883,-0.177393719,-1.4375,5,0.2702702702702703
20829,Italy,0.00,0,0.709574875,0.125,5,0.0
20829,Germany,0.00,1.58113883,1.300887271,1.0625,5,0
20829,Britain,0.00,0,-0.177393719,-0.8125,5,0
20819,France,0.00,0,-1.655674709,1.0625,5,0.4864864864864865
20819,Soviet Russia,0.00,-1.58113883,-0.177393719,-1.4375,5,0.47297297297297297
20819,Germany,0.00,1.58113883,1.300887271,1.0625,5,0.04054054054054054
20819,Italy,0.00,0,0.709574875,0.125,5,0
20819,Britain,0.00,0,-0.177393719,-0.8125,5,0
20517,Britain,0.00,0,-0.177393719,-0.8125,5,0.6216216216216216
20517,Germany,0.00,1.58113883,1.300887271,1.0625,5,0.12162162162162163
20517,Soviet Russia,0.00,-1.58113883,-0.177393719,-1.4375,5,0.10810810810810811
20517,France,0.00,0,-1.655674709,1.0625,5,0.0945945945945946
20517,Italy,0.00,0,0.709574875,0.125,5,0.05405405405405406
20413,Soviet Russia,0.00,-1.58113883,-0.177393719,-1.4375,5,0.3783783783783784
20413,Britain,0.00,0,-0.177393719,-0.8125,5,0.36486486486486486
20413,France,0.00,0,-1.655674709,1.0625,5,0.25675675675675674
20413,Germany,0.00,1.58113883,1.300887271,1.0625,5,0
20413,Italy,0.00,0,0.709574875,0.125,5,0
20270,Italy,0.00,0,0.709574875,0.125,5,0.6081081081081081
20270,Soviet Russia,0.00,-1.58113883,-0.177393719,-1.4375,5,0.21621621621621623
20270,Britain,0.00,0,-0.177393719,-0.8125,5,0.12162162162162163
20270,Germany,0.00,1.58113883,1.300887271,1.0625,5,0.05405405405405406
20270,France,0.00,0,-1.655674709,1.0625,5,0.0
20214,Soviet Russia,0.00,-1.58113883,-0.177393719,-1.4375,5,0.7837837837837838
20214,Britain,0.00,0,-0.177393719,-0.8125,5,0.1891891891891892
20214,France,0.00,0,-1.655674709,1.0625,5,0.02702702702702703
20214,Germany,0.00,1.58113883,1.300887271,1.0625,5,0
20214,Italy,0.00,0,0.709574875,0.125,5,0
19977,Britain,0.00,0,-0.177393719,-0.8125,5,0.6216216216216216
19977,Soviet Russia,0.00,-1.58113883,-0.177393719,-1.4375,5,0.21621621621621623
19977,Italy,0.00,0,0.709574875,0.125,5,0.10810810810810811
19977,Germany,0.00,1.58113883,1.300887271,1.0625,5,0.05405405405405406
19977,France,0.00,0,-1.655674709,1.0625,5,0
19907,Soviet Russia,0.00,-1.58113883,-0.177393719,-1.4375,5,0.5540540540540541
19907,Britain,0.00,0,-0.177393719,-0.8125,5,0.06756756756756757
19907,France,0.00,0,-1.655674709,1.0625,5,0
19907,Germany,0.00,1.58113883,1.300887271,1.0625,5,0
19907,Italy,0.00,0,0.709574875,0.125,5,0
19813,Germany,0.00,1.58113883,1.300887271,1.0625,5,0.6081081081081081
19813,Italy,0.00,0,0.709574875,0.125,5,0.35135135135135137
19813,France,0.00,0,-1.655674709,1.0625,5,0.02702702702702703
19813,Soviet Russia,0.00,-1.58113883,-0.177393719,-1.4375,5,0.013513513513513514
19813,Britain,0.00,0,-0.177393719,-0.8125,5,0
19640,Britain,0.00,0,-0.177393719,-0.8125,5,0.6351351351351351
19640,Germany,0.00,1.58113883,1.300887271,1.0625,5,0.20270270270270271
19640,Soviet Russia,0.00,-1.58113883,-0.177393719,-1.4375,5,0.16216216216216217
19640,France,0.00,0,-1.655674709,1.0625,5,0
19640,Italy,0.00,0,0.709574875,0.125,5,0
19616,Soviet Russia,0.00,-1.58113883,-0.177393719,-1.4375,5,0.35135135135135137
19616,Italy,0.00,0,0.709574875,0.125,5,0.33783783783783783
19616,Germany,0.00,1.58113883,1.300887271,1.0625,5,0.25675675675675674
19616,France,0.00,0,-1.655674709,1.0625,5,0.013513513513513514
19616,Britain,0.00,0,-0.177393719,-0.8125,5,0.02702702702702703
19606,Italy,0.00,0,0.709574875,0.125,5,0.6081081081081081
19606,Britain,0.00,0,-0.177393719,-0.8125,5,0.3918918918918919
19606,France,0.00,0,-1.655674709,1.0625,5,0
19606,Germany,0.00,1.58113883,1.300887271,1.0625,5,0
19606,Soviet Russia,0.00,-1.58113883,-0.177393719,-1.4375,5,0
19345,Soviet Russia,0.00,-1.58113883,-0.177393719,-1.4375,5,0.4189189189189189
19345,France,0.00,0,-1.655674709,1.0625,5,0.2972972972972973
19345,Britain,0.00,0,-0.177393719,-0.8125,5,0.28378378378378377
19345,Germany,0.00,1.58113883,1.300887271,1.0625,5,0
19345,Italy,0.00,0,0.709574875,0.125,5,0
19336,Soviet Russia,0.00,-1.58113883,-0.177393719,-1.4375,5,0.33783783783783783
19336,France,0.00,0,-1.655674709,1.0625,5,0.2702702702702703
19336,Germany,0.00,1.58113883,1.300887271,1.0625,5,0.2972972972972973
19336,Britain,0.00,0,-0.177393719,-0.8125,5,0.0945945945945946
19336,Italy,0.00,0,0.709574875,0.125,5,0
19264,Germany,0.00,1.58113883,1.300887271,1.0625,5,0.5
19264,Italy,0.00,0,0.709574875,0.125,5,0.5
19264,Britain,0.00,0,-0.177393719,-0.8125,5,0.0
19264,France,0.00,0,-1.655674709,1.0625,5,0
19264,Soviet Russia,0.00,-1.58113883,-0.177393719,-1.4375,5,0
19177,Soviet Russia,0.00,-1.58113883,-0.177393719,-1.4375,5,0.4189189189189189
19177,Italy,0.00,0,0.709574875,0.125,5,0.13513513513513514
19177,France,0.00,0,-1.655674709,1.0625,5,0.12162162162162163
19177,Germany,0.00,1.58113883,1.300887271,1.0625,5,0.05405405405405406
19177,Britain,0.00,0,-0.177393719,-0.8125,5,0
19081,Germany,0.00,1.58113883,1.300887271,1.0625,5,0.24324324324324326
19081,Italy,0.00,0,0.709574875,0.125,5,0.22972972972972974
19081,Britain,0.00,0,-0.177393719,-0.8125,5,0.20270270270270271
19081,France,0.00,0,-1.655674709,1.0625,5,0.16216216216216217
19081,Soviet Russia,0.00,-1.58113883,-0.177393719,-1.4375,5,0.14864864864864866
18968,Soviet Russia,0.00,-1.58113883,-0.177393719,-1.4375,5,0.6351351351351351
18968,Britain,0.00,0,-0.177393719,-0.8125,5,0.013513513513513514
18968,Italy,0.00,0,0.709574875,0.125,5,0.35135135135135137
18968,France,0.00,0,-1.655674709,1.0625,5,0
18968,Germany,0.00,1.58113883,1.300887271,1.0625,5,0
18949,Germany,0.00,1.58113883,1.300887271,1.0625,5,0.5
18949,Italy,0.00,0,0.709574875,0.125,5,0.5
18949,Soviet Russia,0.00,-1.58113883,-0.177393719,-1.4375,5,0
18949,France,0.00,0,-1.655674709,1.0625,5,0
18949,Britain,0.00,0,-0.177393719,-0.8125,5,0
18564,Britain,0.00,0,-0.177393719,-0.8125,5,0.5405405405405406
18564,Soviet Russia,0.00,-1.58113883,-0.177393719,-1.4375,5,0.4594594594594595
18564,France,0.00,0,-1.655674709,1.0625,5,0
18564,Germany,0.00,1.58113883,1.300887271,1.0625,5,0
18564,Italy,0.00,0,0.709574875,0.125,5,0
18527,France,0.00,0,-1.655674709,1.0625,5,0.6216216216216216
18527,Soviet Russia,0.00,-1.58113883,-0.177393719,-1.4375,5,0.36486486486486486
18527,Germany,0.00,1.58113883,1.300887271,1.0625,5,0.013513513513513514
18527,Italy,0.00,0,0.709574875,0.125,5,0
18527,Britain,0.00,0,-0.177393719,-0.8125,5,0
18334,Germany,0.00,1.58113883,1.300887271,1.0625,5,0.47297297297297297
18334,Britain,0.00,0,-0.177393719,-0.8125,5,0.17567567567567569
18334,Italy,0.00,0,0.709574875,0.125,5,0
18334,France,0.00,0,-1.655674709,1.0625,5,0
18334,Soviet Russia,0.00,-1.58113883,-0.177393719,-1.4375,5,0
18086,Germany,0.00,1.58113883,1.300887271,1.0625,5,0.3108108108108108
18086,Britain,0.00,0,-0.177393719,-0.8125,5,0.24324324324324326
18086,France,0.00,0,-1.655674709,1.0625,5,0.20270270270270271
18086,Italy,0.00,0,0.709574875,0.125,5,0.12162162162162163
18086,Soviet Russia,0.00,-1.58113883,-0.177393719,-1.4375,5,0.12162162162162163
18064,Britain,0.00,0,-0.177393719,-0.8125,5,0.35135135135135137
18064,Soviet Russia,0.00,-1.58113883,-0.177393719,-1.4375,5,0.33783783783783783
18064,Italy,0.00,0,0.709574875,0.125,5,0.3108108108108108
18064,France,0.00,0,-1.655674709,1.0625,5,0
18064,Germany,0.00,1.58113883,1.300887271,1.0625,5,0
17958,Germany,0.00,1.58113883,1.300887271,1.0625,5,0.25675675675675674
17958,Soviet Russia,0.00,-1.58113883,-0.177393719,-1.4375,5,0.21621621621621623
17958,Britain,0.00,0,-0.177393719,-0.8125,5,0.20270270270270271
17958,France,0.00,0,-1.655674709,1.0625,5,0.13513513513513514
17958,Italy,0.00,0,0.709574875,0.125,5,0.1891891891891892
17878,Britain,0.00,0,-0.177393719,-0.8125,5,0.7297297297297297
17878,Germany,0.00,1.58113883,1.300887271,1.0625,5,0.25675675675675674
17878,Soviet Russia,0.00,-1.58113883,-0.177393719,-1.4375,5,0.013513513513513514
17878,France,0.00,0,-1.655674709,1.0625,5,0.0
17878,Italy,0.00,0,0.709574875,0.125,5,0
17803,Soviet Russia,0.00,-1.58113883,-0.177393719,-1.4375,5,0.5
17803,Britain,0.00,0,-0.177393719,-0.8125,5,0.28378378378378377
17803,France,0.00,0,-1.655674709,1.0625,5,0.21621621621621623
17803,Italy,0.00,0,0.709574875,0.125,5,0.0
17803,Germany,0.00,1.58113883,1.300887271,1.0625,5,0
17794,Britain,0.00,0,-0.177393719,-0.8125,5,0.35135135135135137
17794,Italy,0.00,0,0.709574875,0.125,5,0.32432432432432434
17794,Germany,0.00,1.58113883,1.300887271,1.0625,5,0.32432432432432434
17794,Soviet Russia,0.00,-1.58113883,-0.177393719,-1.4375,5,0
17794,France,0.00,0,-1.655674709,1.0625,5,0
17775,Italy,0.00,0,0.709574875,0.125,5,0.581081081081081
17775,France,0.00,0,-1.655674709,1.0625,5,0
17775,Germany,0.00,1.58113883,1.300887271,1.0625,5,0
17775,Britain,0.00,0,-0.177393719,-0.8125,5,0
17775,Soviet Russia,0.00,-1.58113883,-0.177393719,-1.4375,5,0
17762,Italy,0.00,0,0.709574875,0.125,5,0.3783783783783784
17762,Germany,0.00,1.58113883,1.300887271,1.0625,5,0.32432432432432434
17762,Soviet Russia,0.00,-1.58113883,-0.177393719,-1.4375,5,0.2702702702702703
17762,Britain,0.00,0,-0.177393719,-0.8125,5,0
17762,France,0.00,0,-1.655674709,1.0625,5,0
17692,Italy,0.00,0,0.709574875,0.125,5,0.5135135135135135
17692,Germany,0.00,1.58113883,1.300887271,1.0625,5,0.4864864864864865
17692,France,0.00,0,-1.655674709,1.0625,5,0
17692,Britain,0.00,0,-0.177393719,-0.8125,5,0
17692,Soviet Russia,0.00,-1.58113883,-0.177393719,-1.4375,5,0
17520,Germany,0.00,1.58113883,1.300887271,1.0625,5,0.36486486486486486
17520,Britain,0.00,0,-0.177393719,-0.8125,5,0.21621621621621623
17520,France,0.00,0,-1.655674709,1.0625,5,0.17567567567567569
17520,Italy,0.00,0,0.709574875,0.125,5,0.13513513513513514
17520,Soviet Russia,0.00,-1.58113883,-0.177393719,-1.4375,5,0.0945945945945946
17368,Soviet Russia,0.00,-1.58113883,-0.177393719,-1.4375,5,0.5675675675675675
17368,Germany,0.00,1.58113883,1.300887271,1.0625,5,0
17368,Britain,0.00,0,-0.177393719,-0.8125,5,0
17368,France,0.00,0,-1.655674709,1.0625,5,0
17368,Italy,0.00,0,0.709574875,0.125,5,0
16997,Germany,0.00,1.58113883,1.300887271,1.0625,5,0.2972972972972973
16997,Soviet Russia,0.00,-1.58113883,-0.177393719,-1.4375,5,0.24324324324324326
16997,France,0.00,0,-1.655674709,1.0625,5,0.17567567567567569
16997,Italy,0.00,0,0.709574875,0.125,5,0.13513513513513514
16997,Britain,0.00,0,-0.177393719,-0.8125,5,0.12162162162162163
16820,France,0.00,0,-1.655674709,1.0625,5,0.21621621621621623
16820,Italy,0.00,0,0.709574875,0.125,5,0.25675675675675674
16820,Soviet Russia,0.00,-1.58113883,-0.177393719,-1.4375,5,0.22972972972972974
16820,Britain,0.00,0,-0.177393719,-0.8125,5,0.17567567567567569
16820,Germany,0.00,1.58113883,1.300887271,1.0625,5,0.12162162162162163
16777,France,0.00,0,-1.655674709,1.0625,5,0.20270270270270271
16777,Germany,0.00,1.58113883,1.300887271,1.0625,5,0.24324324324324326
16777,Soviet Russia,0.00,-1.58113883,-0.177393719,-1.4375,5,0.17567567567567569
16777,Britain,0.00,0,-0.177393719,-0.8125,5,0.13513513513513514
16777,Italy,0.00,0,0.709574875,0.125,5,0.0945945945945946
16758,Soviet Russia,0.00,-1.58113883,-0.177393719,-1.4375,5,0.4189189189189189
16758,Britain,0.00,0,-0.177393719,-0.8125,5,0.3108108108108108
16758,France,0.00,0,-1.655674709,1.0625,5,0.2702702702702703
16758,Italy,0.00,0,0.709574875,0.125,5,0
16758,Germany,0.00,1.58113883,1.300887271,1.0625,5,0
16589,Soviet Russia,0.00,-1.58113883,-0.177393719,-1.4375,5,0.6216216216216216
16589,Britain,0.00,0,-0.177393719,-0.8125,5,0.20270270270270271
16589,Italy,0.00,0,0.709574875,0.125,5,0.16216216216216217
16589,France,0.00,0,-1.655674709,1.0625,5,0.013513513513513514
16589,Germany,0.00,1.58113883,1.300887271,1.0625,5,0
16519,Germany,0.00,1.58113883,1.300887271,1.0625,5,0.5405405405405406
16519,Britain,0.00,0,-0.177393719,-0.8125,5,0.44594594594594594
16519,France,0.00,0,-1.655674709,1.0625,5,0.013513513513513514
16519,Italy,0.00,0,0.709574875,0.125,5,0
16519,Soviet Russia,0.00,-1.58113883,-0.177393719,-1.4375,5,0
16431,Germany,0.00,1.58113883,1.300887271,1.0625,5,0.5405405405405406
16431,France,0.00,0,-1.655674709,1.0625,5,0.4594594594594595
16431,Britain,0.00,0,-0.177393719,-0.8125,5,0
16431,Italy,0.00,0,0.709574875,0.125,5,0
16431,Soviet Russia,0.00,-1.58113883,-0.177393719,-1.4375,5,0
16384,Soviet Russia,0.00,-1.58113883,-0.177393719,-1.4375,5,0.6351351351351351
16384,France,0.00,0,-1.655674709,1.0625,5,0.20270270270270271
16384,Britain,0.00,0,-0.177393719,-0.8125,5,0.0945945945945946
16384,Germany,0.00,1.58113883,1.300887271,1.0625,5,0.06756756756756757
16384,Italy,0.00,0,0.709574875,0.125,5,0
16316,Italy,0.00,0,0.709574875,0.125,5,0.40540540540540543
16316,Germany,0.00,1.58113883,1.300887271,1.0625,5,0.36486486486486486
16316,France,0.00,0,-1.655674709,1.0625,5,0.22972972972972974
16316,Britain,0.00,0,-0.177393719,-0.8125,5,0
16316,Soviet Russia,0.00,-1.58113883,-0.177393719,-1.4375,5,0
16287,Soviet Russia,0.00,-1.58113883,-0.177393719,-1.4375,5,0.16216216216216217
16287,Italy,0.00,0,0.709574875,0.125,5,0.2702702702702703
16287,France,0.00,0,-1.655674709,1.0625,5,0.16216216216216217
16287,Britain,0.00,0,-0.177393719,-0.8125,5,0.13513513513513514
16287,Germany,0.00,1.58113883,1.300887271,1.0625,5,0
16168,France,0.00,0,-1.655674709,1.0625,5,0.5405405405405406
16168,Germany,0.00,1.58113883,1.300887271,1.0625,5,0.4594594594594595
16168,Britain,0.00,0,-0.177393719,-0.8125,5,0
16168,Soviet Russia,0.00,-1.58113883,-0.177393719,-1.4375,5,0
16168,Italy,0.00,0,0.709574875,0.125,5,0
16061,Italy,0.00,0,0.709574875,0.125,5,0.6891891891891891
16061,Germany,0.00,1.58113883,1.300887271,1.0625,5,0.17567567567567569
16061,Britain,0.00,0,-0.177393719,-0.8125,5,0.13513513513513514
16061,France,0.00,0,-1.655674709,1.0625,5,0.0
16061,Soviet Russia,0.00,-1.58113883,-0.177393719,-1.4375,5,0
16051,Soviet Russia,0.00,-1.58113883,-0.177393719,-1.4375,5,0.6351351351351351
16051,Germany,0.00,1.58113883,1.300887271,1.0625,5,0.36486486486486486
16051,Italy,0.00,0,0.709574875,0.125,5,0.0
16051,France,0.00,0,-1.655674709,1.0625,5,0
16051,Britain,0.00,0,-0.177393719,-0.8125,5,0
15717,Germany,0.00,1.58113883,1.300887271,1.0625,5,0.33783783783783783
15717,Italy,0.00,0,0.709574875,0.125,5,0.33783783783783783
15717,Britain,0.00,0,-0.177393719,-0.8125,5,0.32432432432432434
15717,France,0.00,0,-1.655674709,1.0625,5,0
15717,Soviet Russia,0.00,-1.58113883,-0.177393719,-1.4375,5,0
15501,Germany,0.00,1.58113883,1.300887271,1.0625,5,0.28378378378378377
15501,Italy,0.00,0,0.709574875,0.125,5,0.24324324324324326
15501,Britain,0.00,0,-0.177393719,-0.8125,5,0.20270270270270271
15501,France,0.00,0,-1.655674709,1.0625,5,0.13513513513513514
15501,Soviet Russia,0.00,-1.58113883,-0.177393719,-1.4375,5,0.12162162162162163
15329,Soviet Russia,0.00,-1.58113883,-0.177393719,-1.4375,5,0.35135135135135137
15329,Italy,0.00,0,0.709574875,0.125,5,0.2972972972972973
15329,France,0.00,0,-1.655674709,1.0625,5,0.20270270270270271
15329,Germany,0.00,1.58113883,1.300887271,1.0625,5,0.14864864864864866
15329,Britain,0.00,0,-0.177393719,-0.8125,5,0
15276,Italy,0.00,0,0.709574875,0.125,5,0.581081081081081
15276,Germany,0.00,1.58113883,1.300887271,1.0625,5,0.2972972972972973
15276,Britain,0.00,0,-0.177393719,-0.8125,5,0.12162162162162163
15276,France,0.00,0,-1.655674709,1.0625,5,0
15276,Soviet Russia,0.00,-1.58113883,-0.177393719,-1.4375,5,0
15045,Italy,0.00,0,0.709574875,0.125,5,0.44594594594594594
15045,France,0.00,0,-1.655674709,1.0625,5,0.24324324324324326
15045,Germany,0.00,1.58113883,1.300887271,1.0625,5,0.1891891891891892
15045,Soviet Russia,0.00,-1.58113883,-0.177393719,-1.4375,5,0.12162162162162163
15045,Britain,0.00,0,-0.177393719,-0.8125,5,0
14837,Italy,0.00,0,0.709574875,0.125,5,0.13513513513513514
14837,Britain,0.00,0,-0.177393719,-0.8125,5,0.0945945945945946
14837,Germany,0.00,1.58113883,1.300887271,1.0625,5,0.16216216216216217
14837,Soviet Russia,0.00,-1.58113883,-0.177393719,-1.4375,5,0.12162162162162163
14837,France,0.00,0,-1.655674709,1.0625,5,0.0945945945945946
14807,Italy,0.00,0,0.709574875,0.125,5,0.6081081081081081
14807,Soviet Russia,0.00,-1.58113883,-0.177393719,-1.4375,5,0.22972972972972974
14807,Germany,0.00,1.58113883,1.300887271,1.0625,5,0.0945945945945946
14807,Britain,0.00,0,-0.177393719,-0.8125,5,0.06756756756756757
14807,France,0.00,0,-1.655674709,1.0625,5,0
14754,Soviet Russia,0.00,-1.58113883,-0.177393719,-1.4375,5,0.5945945945945946
14754,France,0.00,0,-1.655674709,1.0625,5,0.04054054054054054
14754,Italy,0.00,0,0.709574875,0.125,5,0.28378378378378377
14754,Germany,0.00,1.58113883,1.300887271,1.0625,5,0.08108108108108109
14754,Britain,0.00,0,-0.177393719,-0.8125,5,0
14660,Germany,0.00,1.58113883,1.300887271,1.0625,5,0.3108108108108108
14660,Britain,0.00,0,-0.177393719,-0.8125,5,0.28378378378378377
14660,Italy,0.00,0,0.709574875,0.125,5,0.21621621621621623
14660,Soviet Russia,0.00,-1.58113883,-0.177393719,-1.4375,5,0.17567567567567569
14660,France,0.00,0,-1.655674709,1.0625,5,0.013513513513513514
14563,Germany,0.00,1.58113883,1.300887271,1.0625,5,0.527027027027027
14563,Italy,0.00,0,0.709574875,0.125,5,0.47297297297297297
14563,Soviet Russia,0.00,-1.58113883,-0.177393719,-1.4375,5,0
14563,Britain,0.00,0,-0.177393719,-0.8125,5,0
14563,France,0.00,0,-1.655674709,1.0625,5,0
14535,Italy,0.00,0,0.709574875,0.125,5,0.43243243243243246
14535,Soviet Russia,0.00,-1.58113883,-0.177393719,-1.4375,5,0.21621621621621623
14535,France,0.00,0,-1.655674709,1.0625,5,0.20270270270270271
14535,Germany,0.00,1.58113883,1.300887271,1.0625,5,0.14864864864864866
14535,Britain,0.00,0,-0.177393719,-0.8125,5,0
14479,Germany,0.00,1.58113883,1.300887271,1.0625,5,0.33783783783783783
14479,Italy,0.00,0,0.709574875,0.125,5,0.24324324324324326
14479,Soviet Russia,0.00,-1.58113883,-0.177393719,-1.4375,5,0.22972972972972974
14479,Britain,0.00,0,-0.177393719,-0.8125,5,0.14864864864864866
14479,France,0.00,0,-1.655674709,1.0625,5,0.04054054054054054
14357,Soviet Russia,0.00,-1.58113883,-0.177393719,-1.4375,5,0.4864864864864865
14357,France,0.00,0,-1.655674709,1.0625,5,0.32432432432432434
14357,Italy,0.00,0,0.709574875,0.125,5,0.1891891891891892
14357,Britain,0.00,0,-0.177393719,-0.8125,5,0
14357,Germany,0.00,1.58113883,1.300887271,1.0625,5,0
14309,France,0.00,0,-1.655674709,1.0625,5,0.5945945945945946
14309,Germany,0.00,1.58113883,1.300887271,1.0625,5,0.40540540540540543
14309,Britain,0.00,0,-0.177393719,-0.8125,5,0
14309,Italy,0.00,0,0.709574875,0.125,5,0
14309,Soviet Russia,0.00,-1.58113883,-0.177393719,-1.4375,5,0
14273,Soviet Russia,0.00,-1.58113883,-0.177393719,-1.4375,5,0.527027027027027
14273,Italy,0.00,0,0.709574875,0.125,5,0.47297297297297297
14273,France,0.00,0,-1.655674709,1.0625,5,0
14273,Germany,0.00,1.58113883,1.300887271,1.0625,5,0
14273,Britain,0.00,0,-0.177393719,-0.8125,5,0
14269,Soviet Russia,0.00,-1.58113883,-0.177393719,-1.4375,5,0.5405405405405406
14269,Britain,0.00,0,-0.177393719,-0.8125,5,0.22972972972972974
14269,Italy,0.00,0,0.709574875,0.125,5,0.22972972972972974
14269,France,0.00,0,-1.655674709,1.0625,5,0
14269,Germany,0.00,1.58113883,1.300887271,1.0625,5,0
14192,Germany,0.00,1.58113883,1.300887271,1.0625,5,0.40540540540540543
14192,Britain,0.00,0,-0.177393719,-0.8125,5,0.2702702702702703
14192,France,0.00,0,-1.655674709,1.0625,5,0.24324324324324326
14192,Italy,0.00,0,0.709574875,0.125,5,0.08108108108108109
14192,Soviet Russia,0.00,-1.58113883,-0.177393719,-1.4375,5,0
14145,Germany,0.00,1.58113883,1.300887271,1.0625,5,0.581081081081081
14145,Italy,0.00,0,0.709574875,0.125,5,0.4189189189189189
14145,France,0.00,0,-1.655674709,1.0625,5,0
14145,Britain,0.00,0,-0.177393719,-0.8125,5,0
14145,Soviet Russia,0.00,-1.58113883,-0.177393719,-1.4375,5,0
14035,Britain,0.00,0,-0.177393719,-0.8125,5,0.22972972972972974
14035,Germany,0.00,1.58113883,1.300887271,1.0625,5,0.20270270270270271
14035,France,0.00,0,-1.655674709,1.0625,5,0.16216216216216217
14035,Italy,0.00,0,0.709574875,0.125,5,0.16216216216216217
14035,Soviet Russia,0.00,-1.58113883,-0.177393719,-1.4375,5,0.20270270270270271
13993,Soviet Russia,0.00,-1.58113883,-0.177393719,-1.4375,5,0.44594594594594594
13993,Britain,0.00,0,-0.177393719,-0.8125,5,0.28378378378378377
13993,France,0.00,0,-1.655674709,1.0625,5,0.2702702702702703
13993,Germany,0.00,1.58113883,1.300887271,1.0625,5,0
13993,Italy,0.00,0,0.709574875,0.125,5,0
13881,Italy,0.00,0,0.709574875,0.125,5,0.3918918918918919
13881,Germany,0.00,1.58113883,1.300887271,1.0625,5,0.33783783783783783
13881,France,0.00,0,-1.655674709,1.0625,5,0.2702702702702703
13881,Britain,0.00,0,-0.177393719,-0.8125,5,0
13881,Soviet Russia,0.00,-1.58113883,-0.177393719,-1.4375,5,0
13852,Soviet Russia,0.00,-1.58113883,-0.177393719,-1.4375,5,0.21621621621621623
13852,Germany,0.00,1.58113883,1.300887271,1.0625,5,0.21621621621621623
13852,France,0.00,0,-1.655674709,1.0625,5,0.1891891891891892
13852,Britain,0.00,0,-0.177393719,-0.8125,5,0.17567567567567569
13852,Italy,0.00,0,0.709574875,0.125,5,0.20270270270270271
13669,Germany,0.00,1.58113883,1.300887271,1.0625,5,0.4594594594594595
13669,Britain,0.00,0,-0.177393719,-0.8125,5,0.35135135135135137
13669,Italy,0.00,0,0.709574875,0.125,5,0.1891891891891892
13669,France,0.00,0,-1.655674709,1.0625,5,0
13669,Soviet Russia,0.00,-1.58113883,-0.177393719,-1.4375,5,0
13571,Germany,0.00,1.58113883,1.300887271,1.0625,5,0.6216216216216216
13571,Britain,0.00,0,-0.177393719,-0.8125,5,0.36486486486486486
13571,Soviet Russia,0.00,-1.58113883,-0.177393719,-1.4375,5,0.013513513513513514
13571,France,0.00,0,-1.655674709,1.0625,5,0.0
13571,Italy,0.00,0,0.709574875,0.125,5,0
13474,Italy,0.00,0,0.709574875,0.125,5,0.6351351351351351
13474,Germany,0.00,1.58113883,1.300887271,1.0625,5,0.2702702702702703
13474,Soviet Russia,0.00,-1.58113883,-0.177393719,-1.4375,5,0.0945945945945946
13474,France,0.00,0,-1.655674709,1.0625,5,0
13474,Britain,0.00,0,-0.177393719,-0.8125,5,0
13450,Italy,0.00,0,0.709574875,0.125,5,0.5135135135135135
13450,Germany,0.00,1.58113883,1.300887271,1.0625,5,0.4864864864864865
13450,France,0.00,0,-1.655674709,1.0625,5,0
13450,Britain,0.00,0,-0.177393719,-0.8125,5,0
13450,Soviet Russia,0.00,-1.58113883,-0.177393719,-1.4375,5,0
13439,Britain,0.00,0,-0.177393719,-0.8125,5,0.6351351351351351
13439,Soviet Russia,0.00,-1.58113883,-0.177393719,-1.4375,5,0.2702702702702703
13439,Italy,0.00,0,0.709574875,0.125,5,0.0945945945945946
13439,France,0.00,0,-1.655674709,1.0625,5,0
13439,Germany,0.00,1.58113883,1.300887271,1.0625,5,0
13404,Germany,0.00,1.58113883,1.300887271,1.0625,5,0.24324324324324326
13404,Soviet Russia,0.00,-1.58113883,-0.177393719,-1.4375,5,0.20270270270270271
13404,Britain,0.00,0,-0.177393719,-0.8125,5,0.17567567567567569
13404,Italy,0.00,0,0.709574875,0.125,5,0.17567567567567569
13404,France,0.00,0,-1.655674709,1.0625,5,0.16216216216216217
13402,Soviet Russia,0.00,-1.58113883,-0.177393719,-1.4375,5,0.14864864864864866
13402,Germany,0.00,1.58113883,1.300887271,1.0625,5,0.17567567567567569
13402,Italy,0.00,0,0.709574875,0.125,5,0.16216216216216217
13402,France,0.00,0,-1.655674709,1.0625,5,0.13513513513513514
13402,Britain,0.00,0,-0.177393719,-0.8125,5,0.12162162162162163
13380,Germany,0.00,1.58113883,1.300887271,1.0625,5,0.5135135135135135
13380,Soviet Russia,0.00,-1.58113883,-0.177393719,-1.4375,5,0.4864864864864865
13380,Italy,0.00,0,0.709574875,0.125,5,0
13380,France,0.00,0,-1.655674709,1.0625,5,0
13380,Britain,0.00,0,-0.177393719,-0.8125,5,0
13176,Soviet Russia,0.00,-1.58113883,-0.177393719,-1.4375,5,0.33783783783783783
13176,Germany,0.00,1.58113883,1.300887271,1.0625,5,0.22972972972972974
13176,Italy,0.00,0,0.709574875,0.125,5,0.1891891891891892
13176,France,0.00,0,-1.655674709,1.0625,5,0.16216216216216217
13176,Britain,0.00,0,-0.177393719,-0.8125,5,0.05405405405405406
13167,Italy,0.00,0,0.709574875,0.125,5,0.2702702702702703
13167,Britain,0.00,0,-0.177393719,-0.8125,5,0.25675675675675674
13167,Germany,0.00,1.58113883,1.300887271,1.0625,5,0.25675675675675674
13167,Soviet Russia,0.00,-1.58113883,-0.177393719,-1.4375,5,0.12162162162162163
13167,France,0.00,0,-1.655674709,1.0625,5,0.0945945945945946
13148,Britain,0.00,0,-0.177393719,-0.8125,5,0.5
13148,Germany,0.00,1.58113883,1.300887271,1.0625,5,0.5
13148,Italy,0.00,0,0.709574875,0.125,5,0
13148,France,0.00,0,-1.655674709,1.0625,5,0
13148,Soviet Russia,0.00,-1.58113883,-0.177393719,-1.4375,5,0
13130,Germany,0.00,1.58113883,1.300887271,1.0625,5,0.5
13130,Britain,0.00,0,-0.177393719,-0.8125,5,0.5
13130,France,0.00,0,-1.655674709,1.0625,5,0
13130,Italy,0.00,0,0.709574875,0.125,5,0
13130,Soviet Russia,0.00,-1.58113883,-0.177393719,-1.4375,5,0
13099,Soviet Russia,0.00,-1.58113883,-0.177393719,-1.4375,5,0.6351351351351351
13099,Italy,0.00,0,0.709574875,0.125,5,0.22972972972972974
13099,France,0.00,0,-1.655674709,1.0625,5,0.13513513513513514
13099,Britain,0.00,0,-0.177393719,-0.8125,5,0
13099,Germany,0.00,1.58113883,1.300887271,1.0625,5,0
13093,Britain,0.00,0,-0.177393719,-0.8125,5,0.6081081081081081
13093,Soviet Russia,0.00,-1.58113883,-0.177393719,-1.4375,5,0.1891891891891892
13093,Germany,0.00,1.58113883,1.300887271,1.0625,5,0.17567567567567569
13093,France,0.00,0,-1.655674709,1.0625,5,0.0
13093,Italy,0.00,0,0.709574875,0.125,5,0.02702702702702703
13091,Germany,0.00,1.58113883,1.300887271,1.0625,5,0.4189189189189189
13091,Soviet Russia,0.00,-1.58113883,-0.177393719,-1.4375,5,0.40540540540540543
13091,France,0.00,0,-1.655674709,1.0625,5,0.17567567567567569
13091,Italy,0.00,0,0.709574875,0.125,5,0
13091,Britain,0.00,0,-0.177393719,-0.8125,5,0
13085,Italy,0.00,0,0.709574875,0.125,5,0.21621621621621623
13085,Soviet Russia,0.00,-1.58113883,-0.177393719,-1.4375,5,0.21621621621621623
13085,Germany,0.00,1.58113883,1.300887271,1.0625,5,0.1891891891891892
13085,Britain,0.00,0,-0.177393719,-0.8125,5,0.16216216216216217
13085,France,0.00,0,-1.655674709,1.0625,5,0.14864864864864866
13080,Britain,0.00,0,-0.177393719,-0.8125,5,0.6081081081081081
13080,Soviet Russia,0.00,-1.58113883,-0.177393719,-1.4375,5,0.3918918918918919
13080,Italy,0.00,0,0.709574875,0.125,5,0.0
13080,France,0.00,0,-1.655674709,1.0625,5,0
13080,Germany,0.00,1.58113883,1.300887271,1.0625,5,0
13074,Germany,0.00,1.58113883,1.300887271,1.0625,5,0.3783783783783784
13074,Italy,0.00,0,0.709574875,0.125,5,0.3783783783783784
13074,France,0.00,0,-1.655674709,1.0625,5,0.24324324324324326
13074,Britain,0.00,0,-0.177393719,-0.8125,5,0
13074,Soviet Russia,0.00,-1.58113883,-0.177393719,-1.4375,5,0
13050,Britain,0.00,0,-0.177393719,-0.8125,5,0.5945945945945946
13050,Germany,0.00,1.58113883,1.300887271,1.0625,5,0.2972972972972973
13050,Soviet Russia,0.00,-1.58113883,-0.177393719,-1.4375,5,0.10810810810810811
13050,France,0.00,0,-1.655674709,1.0625,5,0
13050,Italy,0.00,0,0.709574875,0.125,5,0
13048,Britain,0.00,0,-0.177393719,-0.8125,5,0.3918918918918919
13048,Italy,0.00,0,0.709574875,0.125,5,0.3108108108108108
13048,Germany,0.00,1.58113883,1.300887271,1.0625,5,0.2972972972972973
13048,France,0.00,0,-1.655674709,1.0625,5,0
13048,Soviet Russia,0.00,-1.58113883,-0.177393719,-1.4375,5,0
13038,Britain,0.00,0,-0.177393719,-0.8125,5,0.3918918918918919
13038,Soviet Russia,0.00,-1.58113883,-0.177393719,-1.4375,5,0.33783783783783783
13038,France,0.00,0,-1.655674709,1.0625,5,0.2702702702702703
13038,Germany,0.00,1.58113883,1.300887271,1.0625,5,0
13038,Italy,0.00,0,0.709574875,0.125,5,0
13037,Germany,0.00,1.58113883,1.300887271,1.0625,5,0.47297297297297297
13037,Britain,0.00,0,-0.177393719,-0.8125,5,0.40540540540540543
13037,France,0.00,0,-1.655674709,1.0625,5,0.12162162162162163
13037,Soviet Russia,0.00,-1.58113883,-0.177393719,-1.4375,5,0
13037,Italy,0.00,0,0.709574875,0.125,5,0
13032,Germany,0.00,1.58113883,1.300887271,1.0625,5,0.5540540540540541
13032,Italy,0.00,0,0.709574875,0.125,5,0.44594594594594594
13032,France,0.00,0,-1.655674709,1.0625,5,0
13032,Britain,0.00,0,-0.177393719,-0.8125,5,0
13032,Soviet Russia,0.00,-1.58113883,-0.177393719,-1.4375,5,0
13031,Italy,0.00,0,0.709574875,0.125,5,0.6081081081081081
13031,Soviet Russia,0.00,-1.58113883,-0.177393719,-1.4375,5,0.35135135135135137
13031,Germany,0.00,1.58113883,1.300887271,1.0625,5,0.04054054054054054
13031,France,0.00,0,-1.655674709,1.0625,5,0
13031,Britain,0.00,0,-0.177393719,-0.8125,5,0
13029,Soviet Russia,0.00,-1.58113883,-0.177393719,-1.4375,5,0.3918918918918919
13029,Italy,0.00,0,0.709574875,0.125,5,0.24324324324324326
13029,Britain,0.00,0,-0.177393719,-0.8125,5,0.1891891891891892
13029,France,0.00,0,-1.655674709,1.0625,5,0.17567567567567569
13029,Germany,0.00,1.58113883,1.300887271,1.0625,5,0
13027,Italy,0.00,0,0.709574875,0.125,5,0.5
13027,France,0.00,0,-1.655674709,1.0625,5,0.5
13027,Germany,0.00,1.58113883,1.300887271,1.0625,5,0
13027,Britain,0.00,0,-0.177393719,-0.8125,5,0
13027,Soviet Russia,0.00,-1.58113883,-0.177393719,-1.4375,5,0
13025,Soviet Russia,0.00,-1.58113883,-0.177393719,-1.4375,5,0.33783783783783783
13025,France,0.00,0,-1.655674709,1.0625,5,0.22972972972972974
13025,Germany,0.00,1.58113883,1.300887271,1.0625,5,0.1891891891891892
13025,Italy,0.00,0,0.709574875,0.125,5,0.13513513513513514
13025,Britain,0.00,0,-0.177393719,-0.8125,5,0.06756756756756757
13022,Germany,0.00,1.58113883,1.300887271,1.0625,5,0.33783783783783783
13022,Britain,0.00,0,-0.177393719,-0.8125,5,0.22972972972972974
13022,France,0.00,0,-1.655674709,1.0625,5,0.20270270270270271
13022,Italy,0.00,0,0.709574875,0.125,5,0.14864864864864866
13022,Soviet Russia,0.00,-1.58113883,-0.177393719,-1.4375,5,0.08108108108108109
13021,Soviet Russia,0.00,-1.58113883,-0.177393719,-1.4375,5,0.6081081081081081
13021,France,0.00,0,-1.655674709,1.0625,5,0.1891891891891892
13021,Italy,0.00,0,0.709574875,0.125,5,0.17567567567567569
13021,Britain,0.00,0,-0.177393719,-0.8125,5,0.02702702702702703
13021,Germany,0.00,1.58113883,1.300887271,1.0625,5,0
13020,Italy,0.00,0,0.709574875,0.125,5,0.3783783783783784
13020,Germany,0.00,1.58113883,1.300887271,1.0625,5,0.32432432432432434
13020,Soviet Russia,0.00,-1.58113883,-0.177393719,-1.4375,5,0.14864864864864866
13020,Britain,0.00,0,-0.177393719,-0.8125,5,0.14864864864864866
13020,France,0.00,0,-1.655674709,1.0625,5,0
13019,Britain,0.00,0,-0.177393719,-0.8125,5,0.5135135135135135
13019,Soviet Russia,0.00,-1.58113883,-0.177393719,-1.4375,5,0.2702702702702703
13019,Germany,0.00,1.58113883,1.300887271,1.0625,5,0.1891891891891892
13019,Italy,0.00,0,0.709574875,0.125,5,0.02702702702702703
13019,France,0.00,0,-1.655674709,1.0625,5,0
13016,Soviet Russia,0.00,-1.58113883,-0.177393719,-1.4375,5,0.40540540540540543
13016,France,0.00,0,-1.655674709,1.0625,5,0.35135135135135137
13016,Italy,0.00,0,0.709574875,0.125,5,0.24324324324324326
13016,Germany,0.00,1.58113883,1.300887271,1.0625,5,0
13016,Britain,0.00,0,-0.177393719,-0.8125,5,0
13014,Soviet Russia,0.00,-1.58113883,-0.177393719,-1.4375,5,0.6216216216216216
13014,Italy,0.00,0,0.709574875,0.125,5,0.3783783783783784
13014,Britain,0.00,0,-0.177393719,-0.8125,5,0.0
13014,France,0.00,0,-1.655674709,1.0625,5,0.0
13014,Germany,0.00,1.58113883,1.300887271,1.0625,5,0
13010,Germany,0.00,1.58113883,1.300887271,1.0625,5,0.40540540540540543
13010,Britain,0.00,0,-0.177393719,-0.8125,5,0.3108108108108108
13010,France,0.00,0,-1.655674709,1.0625,5,0.28378378378378377
13010,Soviet Russia,0.00,-1.58113883,-0.177393719,-1.4375,5,0
13010,Italy,0.00,0,0.709574875,0.125,5,0
13009,Britain,0.00,0,-0.177393719,-0.8125,5,0.2972972972972973
13009,France,0.00,0,-1.655674709,1.0625,5,0.28378378378378377
13009,Soviet Russia,0.00,-1.58113883,-0.177393719,-1.4375,5,0.25675675675675674
13009,Italy,0.00,0,0.709574875,0.125,5,0.10810810810810811
13009,Germany,0.00,1.58113883,1.300887271,1.0625,5,0.05405405405405406
